Publisher Name,Publisher Registry Id,Current activities at the start of each year (2020),Current activities at the start of each year (2021),Current activities at the start of each year (2022),Current activities with budgets for each year (2020),Current activities with budgets for each year (2021),Current activities with budgets for each year (2022),Percentage of current activities with budgets (2020),Percentage of current activities with budgets (2021),Percentage of current activities with budgets (2022)
50 Eight Limited,fifty_eight,1,1,1,1,1,1,100,100,100
Aapasi Sahayog Kendra Syangja Nepal (ASK Nepal),ask,2,2,2,0,0,0,0,0,0
Aasaman Nepal,aasaman,0,0,0,0,0,0,-,-,-
ABAAD - Resource Center for Gender Equality,arcfge,2,2,1,0,0,0,0,0,0
Abaseen Foundation UK,abaseen,0,0,0,0,0,0,-,-,-
Able Child Africa,ablechildafrica,1,1,0,1,0,0,100,0,-
Abt Associates Inc,abt,2,2,2,0,0,0,0,0,0
Abt Britain Limited,abtbritain,3,3,3,3,2,1,100,67,33
Academy for Health Development (AHEAD),ahead,1,1,1,0,0,0,0,0,0
Académie de recherche et d'enseignement supérieur,ares,22,22,0,21,21,0,95,95,-
Accelerator Nepal,acceleratornepal,1,1,1,1,0,0,100,0,0
Access to Medicine Foundation,atmf,1,0,0,1,0,0,100,-,-
Access to Seeds Foundation,atsf,0,0,0,0,0,0,-,-,-
Accountability Lab,alab,1,1,0,0,0,0,0,0,-
Accountable Now,accountablenow,1,1,1,1,0,0,100,0,0
Acid Survivors Foundation,_admin,1,1,1,0,0,0,0,0,0
ACODEV,acodev,5,5,0,5,5,0,100,100,-
Across,across,0,0,0,0,0,0,-,-,-
act4africa,act4africa,0,0,0,0,0,0,-,-,-
ACTED,acted,3,3,3,0,0,0,0,0,0
ACTION AGAINST HUNGER SPAIN,acfspain,1,0,0,1,0,0,100,-,-
Action Against Hunger UK,acf,9,6,6,6,1,0,67,17,0
Action Against Hunger USA,aahusa,2,2,1,0,0,0,0,0,0
Action Contre la Faim,acf-fr,0,0,0,0,0,0,-,-,-
ActionAid Bangladesh,aab,0,0,0,0,0,0,-,-,-
ActionAid Denmark (Mellemfolkeligt Samvirke),aadk,14,14,0,12,1,0,86,7,-
ActionAid Ghana,aag,0,0,0,0,0,0,-,-,-
ActionAid International,aai,1,0,0,1,0,0,100,-,-
ACTIONAID INTERNATIONAL KENYA,aaik,2,2,1,2,2,1,100,100,100
ActionAid Rwanda,aar,2,1,1,2,1,1,100,100,100
ActionAid UK,aauk,8,6,0,7,4,0,88,67,-
Acumen,acumen,2,2,1,2,2,1,100,100,100
Adam Smith International,asi,12,10,9,3,2,1,25,20,11
Adaptation Fund,af,28,28,28,0,0,0,0,0,0
ADD International (Action on Disability and Development),addinternational,8,8,6,0,0,0,0,0,0
Administração de Infra-Estruturas de Águas e Saneamento,aias,1,0,0,0,0,0,0,-,-
ADRA Denmark,adra-dk,3,3,0,3,3,0,100,100,-
ADRA-UK,adrauk,1,1,1,0,0,0,0,0,0
ADS-Nyanza,ads-nyanza,0,0,0,0,0,0,-,-,-
Adventist Development and Relief Agency (ADRA Somalia),adrasom,0,0,0,0,0,0,-,-,-
"Adventist Development and Relief Agency, Nepal",adra_nepal,0,0,0,0,0,0,-,-,-
AECOM,aecom,42,42,42,1,1,1,2,2,2
Aeras,aeras,1,1,1,0,0,0,0,0,0
AFELT,afelt,1,1,1,0,0,0,0,0,0
AFEW International,afewinternational,1,0,0,0,0,0,0,-,-
Afghanaid,afghanaid,4,4,4,1,1,0,25,25,0
Afghanistan and Central Asian Association,acaa,0,0,0,0,0,0,-,-,-
Afghanistan Public Policy Research Organization (APPRO),appro-af,1,0,0,1,0,0,100,-,-
Africa Educational Trust,aet,2,2,2,0,0,0,0,0,0
Africalia,africalia,10,10,0,9,9,0,90,90,-
African Center for Economic Transformation (ACET),acet,9,8,6,0,0,0,0,0,0
African Centre for Global Health and Social Transformation,achest,7,0,0,7,0,0,100,-,-
African Development Bank,afdb,466,345,187,466,337,183,100,98,98
African Initiatives,ai_1064413,3,3,1,0,0,0,0,0,0
African Parks Network,african_parks,11,11,11,11,0,0,100,0,0
African Population and Health Research Center,aphrc,1,1,1,0,0,0,0,0,0
African Revival,africanrevival,1,1,1,0,0,0,0,0,0
African Women's Development Fund,awdf,15,0,0,0,0,0,0,-,-
Afrikagrupperna Sweden,afrikagrupperna,50,49,0,0,0,0,0,0,-
AfriKids,afrikids,0,0,0,0,0,0,-,-,-
Aga Khan Foundation (United Kingdom),akfuk73,2,2,1,0,0,0,0,0,0
Aga Khan Foundation Afghanistan,akf_afghanistan,2,2,1,0,0,0,0,0,0
AgDevCo,agdevco,35,35,35,0,0,0,0,0,0
Agence Française de Développement,afd,3521,3521,3521,539,0,0,15,0,0
Agence Nationale d'Approvisionnement en Eau Potable en Milieu Rural du Benin,anaepmr_benin,4,4,0,0,0,0,0,0,-
Agency for Cooperation and Research in Development (ACORD),acord,3,3,3,0,0,0,0,0,0
AgResults Initiative,agresults,4,4,2,2,1,0,50,25,0
AgriProFocus,agriprofocus,1,0,0,1,0,0,100,-,-
Agulhas Applied Knowledge,aak,1,1,1,1,1,1,100,100,100
Agência de Desenvolvimento do Vale do Zambeze,agencia_do_zambeze,1,1,1,0,0,0,0,0,0
AICS - Agenzia Italiana per la Cooperazione allo Sviluppo / Italian Agency for Cooperation and Development,aics,759,715,597,0,0,0,0,0,0
AidData,aiddata,9559,9531,9501,0,0,0,0,0,0
Aidsfonds - Soa Aids Nederland,nl-kvk-41207989,85,28,0,1,0,0,1,0,-
AIDSPAN,aidspan,7,7,7,0,0,0,0,0,0
Ajuda de Desenvolvimento de Povo para Povo (ADPP),adpp,1,1,1,0,0,0,0,0,0
Aktis Strategy Ltd,aktis,2,2,2,0,0,0,0,0,0
Akvo Foundation,akvo,22,4,4,0,0,0,0,0,0
Alcis Holdings Limited,alcis,0,0,0,0,0,0,-,-,-
Alfalit,alfalit,1,1,1,0,0,0,0,0,0
All We Can (formerly Methodist Relief and Development Fund),allwecan,0,0,0,0,0,0,-,-,-
Alliance of Religions and Conservation,alliance_of_religions_and_conservation,1,1,1,0,0,0,0,0,0
American Friends Service Committee,afsc,0,0,0,0,0,0,-,-,-
Amnesty International The Netherlands,amnesty,10,0,0,0,0,0,0,-,-
Amnesty International UK Section Charitable Trust,aiuk,1,1,1,0,0,0,0,0,0
Amref Flying Doctors,amrefnl,16,7,4,6,1,0,38,14,0
Amref Health Africa - UK,amrefha,7,6,3,5,3,0,71,50,0
Amref Health Africa Headquarters,amrefhq,2,0,0,2,0,0,100,-,-
Amref Health Africa in Ethiopia,amrefeth,2,1,1,0,0,0,0,0,0
Amref Health Africa in Kenya,amrefkenya,3,1,1,1,0,0,33,0,0
Amref Health Africa in Tanzania,amreftz,2,2,2,0,0,0,0,0,0
Amref Health Africa in Uganda,amrefug,1,0,0,0,0,0,0,-,-
Amref Health Africa Malawi,amrefmw,3,1,1,0,0,0,0,0,0
Ananda Marga Universal Relief Team (AMURT) Africa,amurt_kenya,1,1,1,0,0,0,0,0,0
ANDA,anda,1,1,1,0,0,0,0,0,0
Anti-Slavery International,asil,3,3,1,2,0,0,67,0,0
APPRO-Europe,appro-eu,0,0,0,0,0,0,-,-,-
APT Action on Poverty,apt,1,1,0,1,1,0,100,100,-
Aqua for All,aqua4all,150,148,148,0,0,0,0,0,0
Arab foundation for freedoms and equality,afemena,3,0,0,0,0,0,0,-,-
ARK (Absolute Return for Kids),ark,0,0,0,0,0,0,-,-,-
Article19,art19,0,0,0,0,0,0,-,-,-
Ashoka East Africa,ashoka,1,1,0,0,0,0,0,0,-
Asian Development Bank,asdb,613,542,396,613,542,396,100,100,100
Association Centrafricaine de Traduction de la Bible et Alphabetisation,acatba,1,1,0,0,0,0,0,0,-
Association for Cultural Technical and Educational Cooperation (ACTEC),actec,12,12,0,12,12,0,100,100,-
Association for Progressive Communication,apc,1,0,0,0,0,0,0,-,-
Association for Reproductive and Family Health,arfh,0,0,0,0,0,0,-,-,-
Association for Women's Rights in Development (AWID),awid,13,0,0,0,0,0,0,-,-
Association of Commonwealth Universities,acu,1,1,0,1,0,0,100,0,-
Association pour la Promotion de l'Education et de la Formation à l'Etranger,apefe,17,17,0,16,16,0,94,94,-
Atos IT Services Ltd,atosuk,3,3,3,0,0,0,0,0,0
Atradius Dutch State Business,adsb,44,44,44,0,0,0,0,0,0
Auschwitz Institute for the Prevention of Genocide and Mass Atrocities,aipr,1,1,1,0,0,0,0,0,0
Australia - Department of  Foreign Affairs and Trade,ausgov,2099,1853,1274,95,0,0,5,0,0
Auto-Développement Afrique (ADA),ada,2,2,0,2,2,0,100,100,-
Autre Terre asbl,a-t,6,6,0,6,6,0,100,100,-
Avanti Communications Plc,ava_admin,1,1,1,1,0,0,100,0,0
Avocats Sans Frontières,asf,6,6,0,6,6,0,100,100,-
AVSI FOUNDATION IN UGANDA,avsi_uganda,1,0,0,0,0,0,0,-,-
AVT-L Association of Victims of Terrorism Lebanon,avt-l,1,1,0,0,0,0,0,0,-
AWEPA,awepa,9,0,0,1,0,0,11,-,-
Babawatoto Centre For Children and Youth,bawacecy-tz,2,2,2,0,0,0,0,0,0
Backward Society Education (BASE),base_22,16,16,16,0,0,0,0,0,0
Balloon Ventures Foundation,bvf,1,1,1,1,1,0,100,100,0
Bangladesh Nari Progati Sangha,bnps,0,0,0,0,0,0,-,-,-
BasicNeeds,basicneeds,6,6,5,1,0,0,17,0,0
Baylor College of Medicine Children's Foundation Malawi,bcm-cf,0,0,0,0,0,0,-,-,-
BBC Media Action,bbcmediaaction,7,4,3,0,0,0,0,0,0
BDO LLP,bdo,1,1,1,1,1,0,100,100,0
Bees Abroad UK,bauk,0,0,0,0,0,0,-,-,-
Bees for Development Trust,beesfordevelopment,1,1,1,1,1,1,100,100,100
Belgian development agency (Enabel),enabel,186,172,133,0,0,0,0,0,0
Belgian Development Cooperation,be-dgd,466,432,288,248,167,38,53,39,13
Benelux Afro Center,bac,4,4,0,4,4,0,100,100,-
Berytech Foundation,berytech,1,1,1,1,0,0,100,0,0
Beweging voor Internationale Solidariteit - Mouvement pour la Solidarité Internationale,bismsi,2,2,0,2,2,0,100,100,-
Bibliothèques Sans Frontières,bsf1,1,1,1,0,0,0,0,0,0
Bill & Melinda Gates Foundation,bmgf,0,0,0,0,0,0,-,-,-
Bioclimate Research and Development,bioclimate,0,0,0,0,0,0,-,-,-
Blue Ventures Conservation,blueventures,0,0,0,0,0,0,-,-,-
Bond,bond,1,1,1,0,0,0,0,0,0
BoP Innovation Center,bopinc,1,1,1,0,0,0,0,0,0
BOS+ tropen,bos_plus_tropen,15,15,1,0,0,0,0,0,0
Boston University,bu-carbx-admin,3,3,2,0,0,0,0,0,0
Both ENDS,bothends,12,0,0,0,0,0,0,-,-
BRAC,brac_admin2,1,0,0,0,0,0,0,-,-
BRAC International,bracintl,0,0,0,0,0,0,-,-,-
BRAC University,bu,0,0,0,0,0,0,-,-,-
Brigham and Women's Hospital,bwh,0,0,0,0,0,0,-,-,-
British & Irish Agencies Afghanistan Group,baag,1,1,0,1,0,0,100,0,-
British Asian Trust,b_a_t,1,1,1,0,0,0,0,0,0
British Council,britishcouncil,12,11,3,2,1,0,17,9,0
British Red Cross,gb-chc-220949,126,126,126,55,40,22,44,32,17
Broederlijk Delen,bd,16,16,0,16,16,0,100,100,-
Brujula Comunicaciones Estrategicas SAS,brujula,0,0,0,0,0,0,-,-,-
Brulocalis,brulocalis,5,5,0,5,5,0,100,100,-
BSR,bsr_admin,5,5,5,0,0,0,0,0,0
Bucks Community NGO,bucksfarm,1,1,1,0,0,0,0,0,0
Build Africa,buildafrica,2,2,1,1,1,0,50,50,0
Burns Violence Survivors - Nepal,bvs-nepal,1,1,1,0,0,0,0,0,0
Business in the Community,bitc,1,1,1,0,0,0,0,0,0
C40 Cities Climate Leadership Group,c40cities,1,1,1,0,0,0,0,0,0
CABI,cabi,2,1,0,0,0,0,0,0,-
Camfed International,camfed,5,5,2,5,4,1,100,80,50
Canada - Global Affairs Canada | Affaires mondiales Canada,gac-amc,542,470,256,428,266,130,79,57,51
Canada - International Development Research Centre/Centre de recherches pour le développement international,idrccrdi,510,463,239,0,0,0,0,0,0
Canada Department of Finance / Ministère des Finances Canada,finance_canada,0,0,0,0,0,0,-,-,-
Canon Collins Trust,canoncollinstrust,0,0,0,0,0,0,-,-,-
Carbon Trust Advisory Ltd,carbontrustadvisory,1,1,1,1,1,1,100,100,100
Cardno Emerging Markets,cardnoem,2,2,1,1,0,0,50,0,0
CARE BENIN/TOGO,carebenintogo,1,0,0,0,0,0,0,-,-
CARE Danmark Fonden for Frivillig Ulandsbistand,12921047,1,1,1,0,0,0,0,0,0
CARE International Afghanistan,ciafg,1,1,0,0,0,0,0,0,-
CARE international foundation Switzerland in Sudan,cis,1,1,0,0,0,0,0,0,-
CARE International in Zimbabwe,ciz,1,1,0,0,0,0,0,0,-
CARE International UK,ciuk,18,14,7,1,0,0,6,0,0
CARE Nederland,carenederland,23,1,0,0,0,0,0,0,-
CARE Nepal,cnepal,1,1,1,0,0,0,0,0,0
CARE SOMALIA,csom1,3,2,1,0,0,0,0,0,0
Carers Worldwide,cww,0,0,0,0,0,0,-,-,-
Caribbean Development Bank (CDB),caribank,10,9,7,1,0,0,10,0,0
Caritas Denmark,caritas_denmark,61,60,0,31,30,0,51,50,-
Caritas Finland,caritasfin,2,1,1,0,0,0,0,0,0
Caritas International (Belgium),cibe,9,9,0,9,9,0,100,100,-
Caritas Serbia,caritas_serbia,0,0,0,0,0,0,-,-,-
Catholic Agency For Overseas Development (CAFOD),cafod,182,129,51,33,2,0,18,2,0
Catholic Relief Services,crs,6,5,2,5,2,0,83,40,0
CDA Collaborative Learning Projects,cda,4,4,4,0,0,0,0,0,0
CDAC Network,cdacnetwork,0,0,0,0,0,0,-,-,-
CDC Group plc,cdc,169,169,169,0,0,0,0,0,0
Cecily's Fund,cecily,1,1,1,0,0,0,0,0,0
Center for Civilians in Conflict,civic_admin,4,4,4,3,3,0,75,75,0
Center for International Studies and Cooperation,ceci,1,1,0,1,0,0,100,0,-
Center for Research on Environment Health and Population Activities (CREHPA),crehpa,1,1,1,0,0,0,0,0,0
Centre For Citizens With Disabilities,ccdnigeria,0,0,0,0,0,0,-,-,-
Centre for Economic Policy Research,cepr,0,0,0,0,0,0,-,-,-
Centre for Environment Human Rights and Development,cehrd1,0,0,0,0,0,0,-,-,-
Centre for Humanitarian Dialogue (HD Centre),hdcentre,2,2,2,1,1,1,50,50,50
Centre for Indian Knowledge Systems,ciks,1,1,1,0,0,0,0,0,0
Centre for Legal Research and Development,clerd-prpi,0,0,0,0,0,0,-,-,-
Centre for the Study of Adolescence,csa-kenya,0,0,0,0,0,0,-,-,-
Centre International de Développement et de Recherche,cidr,1,1,0,1,0,0,100,0,-
Centre National de Coopération au Développement (CNCD-11.11.11),cncd,9,9,0,9,9,0,100,100,-
Centre Tricontinental - CETRI,ct-admin,4,4,0,4,4,0,100,100,-
Centro de Promocion y Defensa de los Derechos Sexuales y Reproductivos,promsex,0,0,0,0,0,0,-,-,-
Cesvi,cesvi,1,1,1,0,0,0,0,0,0
Chama cha Uzazi na Malezi Bora Tanzania (UMATI),umati,0,0,0,0,0,0,-,-,-
Chance for Childhood,chanceforchildhood,5,5,5,0,0,0,0,0,0
Charity Projects Ltd (Comic Relief),cprojects,17,16,3,0,0,0,0,0,0
Chaîne de l'Espoir Belgique / Keten van Hoop België / Chain of Hope Belgium,cdeb-kvhb_admin,3,3,0,3,3,0,100,100,-
CHEKA SANA TANZANIA,cst,1,1,0,0,0,0,0,0,-
Chemonics International Inc.,chemonics,1,1,0,1,0,0,100,0,-
Cheshire Services Uganda,csu,1,1,1,0,0,0,0,0,0
Child-to-Child,ctc,0,0,0,0,0,0,-,-,-
Child.org,child-dot_org,1,1,1,1,0,0,100,0,0
ChildFund International,childfund,0,0,0,0,0,0,-,-,-
ChildHope UK,childhopeuk,3,3,1,2,1,0,67,33,0
Children in Crisis,cic,0,0,0,0,0,0,-,-,-
Children in Crossfire,cicni,1,1,1,1,1,1,100,100,100
CHOICE for Youth and Sexuality,cfyas,12,0,0,8,0,0,67,-,-
Christian Aid,caid,104,78,13,0,0,0,0,0,0
Christian Aid Ireland,caid_ireland,0,0,0,0,0,0,-,-,-
Christian Blind Mission (UK) Ltd.,cbm,6,6,6,1,1,0,17,17,0
Christian Engineers in Development,ced,0,0,0,0,0,0,-,-,-
CIFAL Scotland,cifal,0,0,0,0,0,0,-,-,-
CINI,cini_jhk,0,0,0,0,0,0,-,-,-
CISU,cisu,3,3,3,0,0,0,0,0,0
CIVICUS World Alliance for Citizen Participation,civicus,1,1,0,1,0,0,100,0,-
CLASP,clasp,3,3,3,0,0,0,0,0,0
Clean Clothes Campaign,ccc,3,1,1,0,0,0,0,0,0
ClientEarth,clientearth-1,2,2,0,2,0,0,100,0,-
Climate Investment Funds,cif,261,261,261,0,0,0,0,0,0
Climate Policy Initiative,cpi,1,1,1,0,0,0,0,0,0
Clinton Health Access Initiative,chai,3,2,0,3,1,0,100,50,-
CNV Internationaal,nl-kvk-54436222-27541,30,0,0,0,0,0,0,-,-
Coalition for Epidemic Preparedness Innovations,cepi,1,1,1,1,1,1,100,100,100
COC Nederland,cocnl_publisher,4,3,3,0,0,0,0,0,0
CODA International,coda,0,0,0,0,0,0,-,-,-
Coffey International Development,coffey,25,25,23,8,8,6,32,32,26
ColaLife,colalife,1,1,1,0,0,0,0,0,0
Collectif Stratégies Alimentaires,csa,6,6,0,6,6,0,100,100,-
Comité pour l'abolition des dettes illégitimes,cadtm,3,3,0,3,3,0,100,100,-
COMMISSION JUSTICE ET PAIX ASBL (cjp),cjp,2,2,0,2,2,0,100,100,-
Commune de Adja-Ouere - Bénin,adja-ouere,1,1,0,0,0,0,0,0,-
Commune de Adjarra - Bénin,adjarra,1,1,0,0,0,0,0,0,-
Commune de Adjohoun - Bénin,adjohoun,1,1,0,0,0,0,0,0,-
Commune de Akpro-Missérété - Bénin,akpro-misserete,1,1,0,0,0,0,0,0,-
Commune de Allada - Bénin,allada,1,1,0,0,0,0,0,0,-
Commune de Aplahoué - Bénin,aplahoue,1,1,1,0,0,0,0,0,0
Commune de Avrankou - Bénin,avrankou,1,1,0,0,0,0,0,0,-
Commune de Bopa - Bénin,bopa,1,1,0,0,0,0,0,0,-
Commune de Comè - Bénin,come,1,1,0,0,0,0,0,0,-
Commune de Dangbo - Benin,dangbo,1,1,0,0,0,0,0,0,-
Commune de Ifangni - Bénin,ifangni,1,1,0,0,0,0,0,0,-
Commune de Klouékanmè - Bénin,klouekanme,1,1,0,0,0,0,0,0,-
Commune de Kpomassè - Bénin,kpomasse,1,1,0,0,0,0,0,0,-
Commune de Kétou - Bénin,ketou,1,1,0,0,0,0,0,0,-
Commune de Lalo - Bénin,lalo,1,1,0,0,0,0,0,0,-
Commune de Parakou - Bénin,parakou,1,1,0,0,0,0,0,0,-
Commune de Pobè - Bénin,pobe,1,1,0,0,0,0,0,0,-
Commune de Toffo - Bénin,toffo,1,1,0,0,0,0,0,0,-
Commune de Toviklin - Bénin,toviklin,1,1,0,0,0,0,0,0,-
Commune de Zè - Bénin,ze,1,1,0,0,0,0,0,0,-
Concern Worldwide,concern_worldwide,10,9,7,8,6,2,80,67,29
Concern Worldwide UK,concernuk,10,9,7,8,6,2,80,67,29
Conciliation Resources,cr,3,3,3,1,1,1,33,33,33
Concordis International,concordis,1,1,0,1,1,0,100,100,-
Conflict Dynamics International,cdi,1,1,0,0,0,0,0,0,-
"Conflict, Stability and Security Fund",cssf,0,0,0,0,0,0,-,-,-
Congodorpen vzw,congodorpen,5,5,0,4,4,0,80,80,-
Consortium for Street Children,csc,1,1,0,0,0,0,0,0,-
Construction Sector Transparency Initiative (CoST),cost_uk,30,30,30,0,0,0,0,0,0
Coopération par l'Education et la Culture,cec,2,2,1,2,2,0,100,100,0
Cord,cord,0,0,0,0,0,0,-,-,-
Cordaid,cordaid,24,6,3,18,4,2,75,67,67
Cowater International Inc,cowater,2,2,2,1,1,0,50,50,0
COWI,cowi,2,2,0,0,0,0,0,0,-
CRANE,crane,1,1,1,0,0,0,0,0,0
CREA,creausa-org,13,0,0,1,0,0,8,-,-
Croix-Rouge de Belgique Communauté francophone - Activités internationales ASBL,crb-ai_admin,11,11,0,11,11,0,100,100,-
Cross-Government Prosperity Fund,prosperityfund,24,24,18,0,0,0,0,0,0
Crown Agents Limited,cal,6,5,4,3,2,1,50,40,25
CUAMM Trustees,cuammtrustees,0,0,0,0,0,0,-,-,-
Cyan International,cyan,1,1,0,1,0,0,100,0,-
D. Capital Partners,dcapitalpartners,9,9,9,0,0,0,0,0,0
DAI Europe,dai-e,10,9,8,6,4,4,60,44,50
DAI Global Health,healthpartners-international,1,0,0,0,0,0,0,-,-
Damiaanactie / Action Damien,damien-foundation,8,8,7,8,8,0,100,100,0
dance4life,dance4life,8,0,0,0,0,0,0,-,-
DanChurchAid,dca,2,2,0,0,0,0,0,0,-
Danish Family Planning Association,dfpa,1,1,0,1,1,0,100,100,-
Danish Red Cross,danishrc,4,4,4,0,0,0,0,0,0
Danish Refugee Council,drc,11,10,3,6,4,2,55,40,67
Danish Trade Union Development Agency (Ulandssekretariatet),loftf,1,1,1,1,0,0,100,0,0
Danmission,danmission,16,15,0,14,12,0,88,80,-
Dansk Missionråds Udviklingsafdeling,dmru,3,2,2,2,0,0,67,0,0
Data4Development,d4d,0,0,0,0,0,0,-,-,-
David Gordon Memorial Hospital,dgmh,1,1,0,1,0,0,100,0,-
Dawuro Development Association,dawuro_da,1,1,0,0,0,0,0,0,-
DeafKidz International,dki1151219,1,0,0,1,0,0,100,-,-
DECP,decp,28,28,28,28,28,28,100,100,100
Defence for Children International Netherlands - ECPAT Netherlands,dciecpatnl,11,0,0,11,0,0,100,-,-
Delivery Associates Ltd,delivery_associates,0,0,0,0,0,0,-,-,-
Deloitte Touche Tohmatsu India LLP,dttillp,1,0,0,0,0,0,0,-,-
Democracy Reporting International gGmbH,dri,1,1,1,1,1,1,100,100,100
Democratic Governance Facility,dgf,3,3,3,3,3,3,100,100,100
"Denmark - Ministry of Foreign Affairs, Danida",danida,4853,4853,4848,696,359,125,14,7,3
Department for International Trade,dit,1,1,1,0,0,0,0,0,0
Desmond Tutu HIV Foundation,dthfxx12,4,4,4,0,0,0,0,0,0
Development Aid from People to People (DAPP) Malawi,dapp,3,3,3,0,0,0,0,0,0
Development Initiatives Poverty Research,dipr,12,4,1,0,0,0,0,0,0
Development Media International,dmi_admin,1,1,0,0,0,0,0,0,-
Development Organisation of the Rural Poor,dorp-org,0,0,0,0,0,0,-,-,-
Developments In Literacy Trust UK,diltuk,0,0,0,0,0,0,-,-,-
Diakonia Sweden,diakonia802017-3517,334,0,0,0,0,0,0,-,-
Digital Campus,dc,0,0,0,0,0,0,-,-,-
Direcção Provincial de Saúde de Nampula,dps-nampula,0,0,0,0,0,0,-,-,-
Disability and Development Partners,ddp,6,6,6,2,2,0,33,33,0
Disability Rights Advocacy Fund,draf,0,0,0,0,0,0,-,-,-
Disability Rights Fund,drf,0,0,0,0,0,0,-,-,-
Disabled People's Organisations Denmark,dpod,1,1,1,0,0,0,0,0,0
Disasters Emergency Committee,dec-uk,1,1,1,0,0,0,0,0,0
"Discovery Learning Alliance, Inc.",dla,0,0,0,0,0,0,-,-,-
Djapo,djapo,2,2,0,2,2,0,100,100,-
DKT - (Pakistan),dkt,1,1,1,0,0,0,0,0,0
DKT Ethiopia,dkt_ethiopia,12,12,12,0,0,0,0,0,0
DNH Mali (Direction Nationale de l’Hydraulique du Mali),pca-gire,0,0,0,0,0,0,-,-,-
Doctors of the World UK,dotw_uk,0,0,0,0,0,0,-,-,-
Doctors with Africa CUAMM,cuamm,1,1,0,0,0,0,0,0,-
Dorcas Aid International,dai,4,3,3,0,0,0,0,0,0
Drugs for Neglected Diseases initiative,dndi_transparency,13,13,13,0,0,0,0,0,0
DUF - The Danish Youth Council,duf,1,0,0,0,0,0,0,-,-
Dynamo International asbl,dynamo_international,2,2,0,2,2,0,100,100,-
Défi Belgique Afrique,dba,3,3,0,3,3,0,100,100,-
Dóchas - Irish Association of Non Governmental Development Organisations,dochas,22,22,22,0,0,0,0,0,0
ECDPM,ecdpm,0,0,0,0,0,0,-,-,-
Echos Communication,ec,7,7,0,7,7,0,100,100,-
Eclosio,eclosio,11,11,0,10,10,0,91,91,-
Economic and Social Research Foundation (ESRF),esrf,1,1,1,0,0,0,0,0,0
Ecorys Nederland B.V.,ecorysnl,1,0,0,0,0,0,0,-,-
Ecorys UK,ecuk,4,4,3,1,0,0,25,0,0
Educate!,educate,0,0,0,0,0,0,-,-,-
Education Development Trust,edt_kenya,1,1,1,0,0,0,0,0,0
EDUCATION DEVELOPMENT TRUST - RWANDA,edt_rwanda,1,1,0,1,0,0,100,0,-
Edukans Foundation,edukans_foundation,8,4,0,4,3,0,50,75,-
Emissa,emissa,9,9,9,0,0,0,0,0,0
Emmanuel International UK,eiuk,0,0,0,0,0,0,-,-,-
EMMS International,emms,3,3,1,1,1,0,33,33,0
Energy 4 Impact,e4i,1,1,1,0,0,0,0,0,0
Energy Saving Trust,energy_saving_trust,1,1,1,1,1,1,100,100,100
Enfance Tiers Monde Kinderen Derde Wereld,etmkdw,5,5,0,5,5,0,100,100,-
EngenderHealth Ethiopia,engenderhealth_eth,9,9,3,0,0,0,0,0,0
Engineers Without Borders Canada,ewb_canada,4,4,4,0,0,0,0,0,0
Enhanced Integrated Framework,eif,4,1,0,0,0,0,0,0,-
Entraide et Fraternité,ef_,11,11,0,11,11,0,100,100,-
Environmental Centre for Oil Spills and Gas Flaring (NACGOND),nacgond-,14,14,14,0,0,0,0,0,0
equileap,equileap,1,1,1,0,0,0,0,0,0
Ethical Trading Initiative,eti,8,8,8,0,0,0,0,0,0
Ethiopiaid UK,ethiopiaiduk,33,33,33,0,0,0,0,0,0
Ethiopian Horticulture Producer Exporters Association (EHPEA),ehpea,0,0,0,0,0,0,-,-,-
European Bank for Reconstruction and Development,ebrd,661,656,632,0,0,0,0,0,0
European Commission - Directorate-General for International Cooperation and Development,ec-devco,5266,4204,2421,3969,2598,637,75,62,26
European Commission - Humanitarian Aid & Civil Protection,ec-echo,218,125,2,205,122,2,94,98,100
European Commission - Neighbourhood and Enlargement Negotiations,ec-near,2261,1770,907,1512,1264,525,67,71,58
European Commission - Service for Foreign Policy Instruments,ec-fpi,290,207,68,0,0,0,0,0,0
European Institute of Peace,eip,5,5,5,0,0,0,0,0,0
European Investment Bank,eib,469,469,469,469,0,0,100,0,0
European Journalism Centre,ejc,6,6,6,1,0,0,17,0,0
EveryChild,evc,0,0,0,0,0,0,-,-,-
Excellent Development,excellent,0,0,0,0,0,0,-,-,-
Exeter Ethiopia Link,eel,0,0,0,0,0,0,-,-,-
Fair Wear Foundation,fwf,11,0,0,0,0,0,0,-,-
Fairfood International,fairfood,1,1,1,0,0,0,0,0,0
Fairtrade Belgium,fairtrade_be,3,3,0,3,3,0,100,100,-
Fairtrade Labelling Organizations International e.V.,fairtrade_international,0,0,0,0,0,0,-,-,-
Faith to Action Network,f2a,1,1,1,0,0,0,0,0,0
Family Aids Caring Trust,fact,1,1,1,0,0,0,0,0,0
Family Counseling and Development Foundation,fcdf,1,1,0,0,0,0,0,0,-
Family Guidance Association of Ethiopia,fgae_ethiopia,0,0,0,0,0,0,-,-,-
Family Life Education Program,flepuganda,0,0,0,0,0,0,-,-,-
Farm Africa,fa,3,3,1,3,3,0,100,100,0
Farm Concern International,fci,1,1,0,1,1,0,100,100,-
Fauna & Flora International,ffi_publisher,0,0,0,0,0,0,-,-,-
Federation of Women Lawyers Kenya,fida,1,0,0,0,0,0,0,-,-
Feed the Minds,ftm-291333,1,1,1,1,1,1,100,100,100
FHI360,fhi360,1,1,1,0,0,0,0,0,0
Fiabel,fiabel,5,5,5,5,5,0,100,100,0
FIAN Belgium,fian-belgium,4,4,0,4,4,0,100,100,-
Find Your Feet,fyf,1,1,1,0,0,0,0,0,0
Finland - Ministry for Foreign Affairs,finland_mfa,1446,924,465,703,374,120,49,40,26
FMO,fmo,262,262,262,0,0,0,0,0,0
FONCABA ASBL KBA VZW,foncaba,4,4,0,3,3,0,75,75,-
Fondation Hirondelle,fh_ch,0,0,0,0,0,0,-,-,-
Fondo Centroamericano de Mujeres,fcam,6,0,0,0,0,0,0,-,-
Fonds voor Ontwikkelingssamenwerking - Socialistische Solidariteit VZW,fos,14,14,0,14,14,0,100,100,-
Food and Agriculture Organization of the United Nations (FAO),fao,918,602,190,37,0,0,4,0,0
Food for the Hungry UK,fh,3,3,2,2,2,1,67,67,50
Forests Monitor,fm,0,0,0,0,0,0,-,-,-
Forum Universitaire pour la Coopération Internationale au Développement -FUCID ASBL,fucid,5,5,0,5,5,0,100,100,-
France - Ministry for Europe and Foreign Affairs,france,441,368,342,0,0,0,0,0,0
FRANK Water,frankwater,0,0,0,0,0,0,-,-,-
Free a Girl,freeagirl,1,0,0,1,0,0,100,-,-
Free Press Unlimited,free_press_unlimited,11,2,0,1,0,0,9,0,-
Freedom Forum,ff,0,0,0,0,0,0,-,-,-
Friends of Kipkelion,kipkelion,0,0,0,0,0,0,-,-,-
Friends of Publish What You Fund,friendsofpwyf,2,2,2,0,0,0,0,0,0
"Friends of the Earth England, Wales and Northern Ireland",foe_ewni,0,0,0,0,0,0,-,-,-
Friends of the Earth International,foei,3,0,0,3,0,0,100,-,-
Friends of the Earth-Ghana,foe-ghana,1,1,1,0,0,0,0,0,0
Frontline AIDS,f-aids,16,6,0,8,0,0,50,0,-
Fundacion Acceso,fundacion-acceso,0,0,0,0,0,0,-,-,-
Fundación Fondo Mujeres del Sur,fms,5,4,4,0,0,0,0,0,0
Fundación Oriéntame,orientame,1,1,1,0,0,0,0,0,0
Fundo de Investimento e Patrimonio do Abastecimento de Água (FIPAG),fipag,1,1,1,0,0,0,0,0,0
"Gavi, the vaccine alliance",gavi,247,133,93,125,54,14,51,41,15
GEF Secretariat,gef,4,4,3,3,3,3,75,75,100
GEMS Education Solutions,mgcubed,0,0,0,0,0,0,-,-,-
Gender Links,gl,6,6,6,0,0,0,0,0,0
Geneva Centre for the Democratic Control of Armed Forces (DCAF),dcaf,5,3,3,2,0,0,40,0,0
Geneva International Centre for Humanitarian Demining,gichd,4,0,0,0,0,0,0,-,-
GEOMOUN ASBL,geomoun,5,5,0,5,5,0,100,100,-
Germany - Federal Foreign Office,fo_germany,642,249,67,635,241,60,99,97,90
Germany - Ministry for Economic Cooperation and Development,bmz,547,389,254,343,204,114,63,52,45
Girls Not Brides: The Global Partnership to End Child Marriage,girlsnotbrides,1,0,0,0,0,0,0,-,-
Girls’ Education Challenge – Fund Manager PwC,gecfundmanagerpwc,3,3,3,2,2,2,67,67,67
Giro555 (Stichting Samenwerkende Hulporganisaties),giro555,0,0,0,0,0,0,-,-,-
GiveDirectly,givedirectly,0,0,0,0,0,0,-,-,-
Global Action Nepal,gan,0,0,0,0,0,0,-,-,-
Global Alliance for TB Drug Development,tb-a,2,2,2,0,0,0,0,0,0
Global Canopy,globalcanopy,1,1,0,1,0,0,100,0,-
Global Focus,globaltfokus,2,2,2,0,0,0,0,0,0
Global Fund to End Modern Slavery,gfems,1,1,1,1,0,0,100,0,0
Global Green Growth Institute (GGGI),gggi,3,0,0,0,0,0,0,-,-
Global Innovation Fund,gif,26,24,18,0,0,0,0,0,0
Global Network of People Living with HIV (GNP+),gnpplus,7,7,7,0,0,0,0,0,0
Global Network of Sex Work Projects (NSWP),nswp,2,0,0,2,0,0,100,-,-
Global Partnership for Education,gpe,11,11,11,0,0,0,0,0,0
Global Rights Compliance,grc2018,10,10,10,0,0,0,0,0,0
GlobalGiving.org,globalgiving,5241,5241,5241,0,0,0,0,0,0
GOAL,goal,4,4,3,1,0,0,25,0,0
GOGLA - Global Off-Grid Lighting Association,gogla,0,0,0,0,0,0,-,-,-
GPPAC Foundation,gppac,5,0,0,0,0,0,0,-,-
Groupe Pivot Santé Population,gpsp-org,2,2,0,0,0,0,0,0,-
Grow Movement,growmovement_admin,2,2,2,0,0,0,0,0,0
Gulu University,guluuni,1,1,0,0,0,0,0,0,-
Guttmacher Institute,guttmacher,1,1,0,0,0,0,0,0,-
Hagar International UK,hagar_uk,0,0,0,0,0,0,-,-,-
Haiti Hospital Appeal,hha,0,0,0,0,0,0,-,-,-
Hand in Hand International,handinhand,1,1,1,0,0,0,0,0,0
Handicap International Belgique,hib,18,16,0,18,15,0,100,94,-
Handicap International Federation,hi_fed,0,0,0,0,0,0,-,-,-
Handicap International UK,hiuk,8,7,5,5,1,0,63,14,0
HE Foundation,hefoundation,1,0,0,1,0,0,100,-,-
Health Insurance Fund,hif,1,1,0,1,1,0,100,100,-
Health Poverty Action,hpa,0,0,0,0,0,0,-,-,-
HealthNet TPO,healthnet,0,0,0,0,0,0,-,-,-
HealthProm,hp_12,1,1,1,1,0,0,100,0,0
Healthright International-Kenya,hri,1,1,0,0,0,0,0,0,-
Heartland Alliance International,ha-i,1,1,1,0,0,0,0,0,0
Heifer International South Africa,hsa,1,1,1,0,0,0,0,0,0
Heifer Nederland,heifernederland,1,0,0,0,0,0,0,-,-
HelpAge International,helpage_international,18,17,4,18,12,3,100,71,75
HelpAge International UK,ageintl,0,0,0,0,0,0,-,-,-
Helvetas Swiss Intercooperation,hsi,1,1,1,1,1,0,100,100,0
HiiL innovating Justice,hiil_mfa,7,7,7,0,0,0,0,0,0
Hilfswerk Austria Zimbabwe,hwa-zm,0,0,0,0,0,0,-,-,-
Hivos,stichting_hivos,12,2,2,3,0,0,25,0,0
HM Treasury,hmtfitb,6,6,3,4,1,0,67,17,0
Homeless International,hi,0,0,0,0,0,0,-,-,-
Hope and Homes for Children,hhc,1,1,0,1,0,0,100,0,-
Hope for Children,hfc,1,1,1,1,0,0,100,0,0
Horizons for Green Development,horizons,0,0,0,0,0,0,-,-,-
Hospice Africa Ltd,hauk,1,1,1,0,0,0,0,0,0
HTSPE,htspe,1,1,1,0,0,0,0,0,0
Human Relief Foundation,hrf,0,0,0,0,0,0,-,-,-
Humanitarian Quality Assurance Initiative,hqai,1,1,1,1,0,0,100,0,0
I Choose Life Africa,ke-ngc-3372,1,1,1,0,0,0,0,0,0
ICA:UK,icauk,1,1,1,0,0,0,0,0,0
ICCO Cooperation,icco-cooperation,70,24,5,31,7,0,44,29,0
ICF Consulting Services Ltd,icf,2,2,1,1,1,1,50,50,100
ICS,ics,0,0,0,0,0,0,-,-,-
iDE,ide,0,0,0,0,0,0,-,-,-
IDEO.org,ideo_org,1,1,1,0,0,0,0,0,0
"IDH, the Sustainable Trade Initiative",idh,28,3,2,0,0,0,0,0,0
IDinsight,idinsight,2,2,2,1,0,0,50,0,0
IFOAM - Organics International,ifoam,47,47,47,0,0,0,0,0,0
IHE Delft Institute for Water Education,ihedelft,1,1,1,1,0,0,100,0,0
Iles de Paix,idp,7,7,0,7,7,0,100,100,-
IMA World Health,us-imawh,1,1,1,1,0,0,100,0,0
IMC WORLDWIDE,imcw_admin,19,16,15,4,2,2,21,13,13
IMD Moçambique,imdmozambique,2,2,2,0,0,0,0,0,0
Impunity Watch,iw_admin,1,1,1,0,0,0,0,0,0
Index Initiative Foundation,iif,0,0,0,0,0,0,-,-,-
Indigo Trust,indtrust,1,1,1,0,0,0,0,0,0
Instiglio,instiglio,1,1,0,0,0,0,0,0,-
Institut de Formation Syndical International - Internationaal Syndicaal Vormingsinstituut,ifsi_isvi,17,17,0,17,17,0,100,100,-
"Institut National de l'Eau, Benin",ine_benin,1,1,0,0,0,0,0,0,-
Institute for International Workers Education,iiwe,4,4,0,4,4,0,100,100,-
Institute for Security Studies,issafrica,1,0,0,1,0,0,100,-,-
Institute for War & Peace Reporting,iwpr,9,9,9,0,0,0,0,0,0
Institute of Development Studies,ids,10,10,6,4,3,2,40,30,33
Institute of Tropical Medicine,itm,16,16,0,16,16,0,100,100,-
Integrity Action,integrity_action,4,4,2,1,1,0,25,25,0
Integrity Research and Consultancy Ltd,integrity,2,2,2,0,0,0,0,0,0
Inter-American Development Bank,iadb,334,277,173,334,277,173,100,100,100
Interact Worldwide,iww_publish,0,0,0,0,0,0,-,-,-
InterAction,interaction,0,0,0,0,0,0,-,-,-
InterAction's NGO Aid Map,ia_nam,541,355,222,0,0,0,0,0,0
interburns,interburns,0,0,0,0,0,0,-,-,-
InterClimate Network,icn,1,1,1,0,0,0,0,0,0
International Aids Vaccine Initiative (IAVI),iavi,0,0,0,0,0,0,-,-,-
International Alert,international-alert,6,6,6,0,0,0,0,0,0
International Bureau of Fiscal Documentation (IBFD),ibfd,0,0,0,0,0,0,-,-,-
International Center for Not-for-Profit Law,icnl_org,5,5,5,0,0,0,0,0,0
International Center for Transitional Justice,ictj,0,0,0,0,0,0,-,-,-
International Centre of Insect Physiology and Ecology (icipe),icipe,14,10,5,0,0,0,0,0,0
International Child Development Initiatives,icdi,1,0,0,0,0,0,0,-,-
International Climate Initiative / BMU - IKI Secretariat,bmu_iki,111,93,37,0,0,0,0,0,0
International Committee of the Red Cross (ICRC),icrc,0,0,0,0,0,0,-,-,-
International Council of Voluntary Agencies,icva,0,0,0,0,0,0,-,-,-
International Crisis Group,crisisgroup,1,1,1,1,1,1,100,100,100
International Development Law Organization (IDLO),idlo,33,18,5,0,0,0,0,0,0
International Federation of Accountants,ifac,2,2,1,0,0,0,0,0,0
International Federation of the Red Cross and Red Crescent (IFRC),ifrcrcs,142,97,36,7,0,0,5,0,0
International Fertilizer Development Center,ifdc-us,1,1,1,0,0,0,0,0,0
International Finance Corporation,ifcwbg,5271,5271,5271,10,0,0,0,0,0
International Fund for Agricultural Development (IFAD),ifad,235,228,190,0,0,0,0,0,0
International IDEA,idea,0,0,0,0,0,0,-,-,-
International Indigenous Women Forum,fimi_iiwf_2019,3,2,2,0,0,0,0,0,0
International Initiative for Impact Evaluation,3ie,0,0,0,0,0,0,-,-,-
International Labour Organization (ILO),ilo,139,133,45,0,0,0,0,0,0
International Media Support,ims,1,1,0,0,0,0,0,0,-
International Medical Corps UK,imc_uk,1,1,0,1,0,0,100,0,-
International Monetary Fund,imf,5,5,5,3,3,0,60,60,0
International Network for Advancing Science and Policy,inasp,1,1,0,1,1,0,100,100,-
International Network for Bamboo and Rattan (INBAR),inbar,17,17,17,0,0,0,0,0,0
International Network of People who Use Drugs (INPUD),inpud_admin,5,5,5,0,0,0,0,0,0
International NGO Safety Orgnisation,inso,3,3,3,0,0,0,0,0,0
International Organization for Migration (IOM),iom,295,193,53,15,0,0,5,0,0
International Planned Parenthood Federation,ippf,19,13,0,8,2,0,42,15,-
International Potato Center,cip,1,1,1,1,1,0,100,100,0
International Procurement Agency,ipa,16,16,16,0,0,0,0,0,0
International Rescue Committee UK,irc_uk,21,17,7,16,7,2,76,41,29
International Service,unais,0,0,0,0,0,0,-,-,-
International Trade Centre (ITC),itc,45,32,10,45,26,7,100,81,70
International Treatment Preparedness Coalition (ITPC),itpc,0,0,0,0,0,0,-,-,-
International Union for Conservation of Nature and Natural Resources,iucn,1,1,1,0,0,0,0,0,0
International Women's Development Agency,iwda,5,0,0,0,0,0,0,-,-
International Youth Alliance for Family Planning,iyafp,1,0,0,1,0,0,100,-,-
Internews Europe,ieu,1,1,0,0,0,0,0,0,-
Interpeace,interpeace,0,0,0,0,0,0,-,-,-
INTOSAI Development Initiative,idi,7,7,7,7,0,0,100,0,0
INTRAC,intrac,1,1,1,1,1,1,100,100,100
IntraHealth International,intrahealth,0,0,0,0,0,0,-,-,-
IOD PARC,iodparc,1,1,1,0,0,0,0,0,0
iPartner India,ip-india,0,0,0,0,0,0,-,-,-
Ipas,ipas,3,3,1,1,1,0,33,33,0
IPE Global Limited,ipeglobal,4,4,3,4,4,2,100,100,67
Iraq Foundation,iraq_foundation,0,0,0,0,0,0,-,-,-
IRC,irc,7,7,1,0,0,0,0,0,0
Ireland - Department of Foreign Affairs and Trade,irishaid,0,0,0,0,0,0,-,-,-
IREX (International Research and Exchange Board),irex,7,7,7,0,0,0,0,0,0
"Iringa Development of Youth, Disabled and Children Care",idydc,2,2,1,0,0,0,0,0,0
Irise International,irise_int,0,0,0,0,0,0,-,-,-
Irrawaddy Policy Exchange,ipe,1,1,0,1,1,0,100,100,-
Islamic Relief Worldwide,irw,1,1,0,1,0,0,100,0,-
Itad,itad,6,6,6,1,1,1,17,17,17
ITECO - Centre de formation pour le développement,iteco,3,3,0,3,3,0,100,100,-
IUCN Nederlands Comité,iucn_nl,30,0,0,30,0,0,100,-,-
Japan International Cooperation Agency (JICA),jica,9588,9558,9533,0,0,0,0,0,0
Jeevika Trust,jeevika_trust,0,0,0,0,0,0,-,-,-
Johns Hopkins University,gi-jhu,0,0,0,0,0,0,-,-,-
Joshua Orphan and Community Care,jocc_uk,1,1,0,1,0,0,100,0,-
Just Associates,jass,13,0,0,0,0,0,0,-,-
Kadaster International,kad,5,5,5,1,0,0,20,0,0
Karuna Mission Social Solidarity - KMSS,kmss,1,1,0,1,0,0,100,0,-
Karuna Trust,karuna,1,1,1,0,0,0,0,0,0
Kenya National Commission on Human Rights,knchr,2,2,2,0,0,0,0,0,0
Kenya Private Sector Alliance,kepsa,1,1,1,1,1,0,100,100,0
Kepa ry,kepa,0,0,0,0,0,0,-,-,-
Kesho Kenya,kesho_kenya,1,1,1,0,0,0,0,0,0
kidasha,kidasha,1,1,1,1,1,0,100,100,0
King Salman Humanitarian Aid and Relief Centre,ksrelief291,11,10,7,5,1,0,45,10,0
King's College London,kingscollegelondon,0,0,0,0,0,0,-,-,-
Kisumu Medical and Education Trust,kmet,0,0,0,0,0,0,-,-,-
KIYO,kiyo,10,10,0,10,10,0,100,100,-
Koepel van de Vlaamse Noord-Zuidbeweging 11.11.11 VZW,111111_publisher,16,16,0,16,16,0,100,100,-
Koninklijk Nederlands Meteorologisch Instituut,knmi,0,0,0,0,0,0,-,-,-
KPMG East Africa,kpmgea,2,2,1,2,2,1,100,100,100
KPMG LLP,kpmgllp,1,1,0,1,0,0,100,0,-
KwaAfrica,kwaafrica,1,1,1,0,0,0,0,0,0
Kwame Nkrumah University of Science and Technology,knust,0,0,0,0,0,0,-,-,-
LAMB Health Care Foundation,lhcf,1,1,1,0,0,0,0,0,0
Landell Mills,landell-mills,1,1,1,1,1,0,100,100,0
Larive International,larive,1,1,0,0,0,0,0,0,-
Le Monde selon les femmes asbl,mondefemmes,8,8,7,8,8,0,100,100,0
LEAD International,lead_international,0,0,0,0,0,0,-,-,-
Leaders of Tomorrow,sqf,1,1,1,0,0,0,0,0,0
Learning for Life,learningforlife,0,0,0,0,0,0,-,-,-
Leonard Cheshire Disability,lcd_admin,3,3,2,1,1,1,33,33,50
Lepra,lepra,0,0,0,0,0,0,-,-,-
Light For The World Belgium,lftw-be,6,6,0,6,6,0,100,100,-
LIGHT FOR THE WORLD The Netherlands,lftwnl,0,0,0,0,0,0,-,-,-
Link Community Development International,lcdi_admin,2,2,2,2,2,2,100,100,100
Link Community Development Scotland,lcds,0,0,0,0,0,0,-,-,-
"Lithuania, Ministry of Foreign Affairs",lithuania_mfa,85,85,85,0,0,0,0,0,0
Lively Minds,livelyminds,0,0,0,0,0,0,-,-,-
Liverpool School of Tropical Medicine,lstm,3,3,3,0,0,0,0,0,0
Living Earth Foundation,livingearth12,3,3,3,0,0,0,0,0,0
living peace institute,lpi,0,0,0,0,0,0,-,-,-
LIWA programme trust,liwa-admin,1,1,0,0,0,0,0,0,-
Local Development and Small Projects Support,ldsps,0,0,0,0,0,0,-,-,-
Louvain Coopération,lc,19,19,0,19,19,0,100,100,-
LTS International Limited,lts,10,9,6,9,7,6,90,78,100
MADE in Europe,mie-1134415,1,1,1,0,0,0,0,0,0
MAG,mag,5,5,5,3,0,0,60,0,0
Magariro,magariro,0,0,0,0,0,0,-,-,-
Mainline,mainline,5,1,0,4,1,0,80,100,-
Makerere University School of Public Health,maksph,1,1,1,0,0,0,0,0,0
Malaria Consortium,malariaconsortium,35,23,15,0,0,0,0,0,0
Mama Cash,mamac,31,0,0,0,0,0,0,-,-
MAMTA - Health Institute for Mother and Child,mamta_himc,1,1,1,0,0,0,0,0,0
MannionDaniels,manniondaniels,76,76,18,0,0,0,0,0,0
MapAction,mapaction,1,1,1,0,0,0,0,0,0
Marie Stopes International,msi,9,6,3,7,4,1,78,67,33
marysmeals,marysmeals,0,0,0,0,0,0,-,-,-
Mastercard Foundation,mastercard-foundation,0,0,0,0,0,0,-,-,-
Max Foundation,max-foundation,1,1,1,1,1,0,100,100,0
Maxwell Stamp PLC,mstamp,0,0,0,0,0,0,-,-,-
McKinsey & Company,mck,2,2,1,0,0,0,0,0,0
MDF Global,mdf,3,1,1,0,0,0,0,0,0
Medair,medair,1,1,1,0,0,0,0,0,0
Medecins du Monde Belgique - Dokters van de Wereld Belgïe,medecins,8,8,7,8,7,0,100,88,0
Medecins du Monde France,mdm-fr,1,1,1,0,0,0,0,0,0
"Medical Research Centre (MRC), Sierra Leone",mrc-sierra-leone,0,0,0,0,0,0,-,-,-
Memisa,memisa,8,8,0,8,8,0,100,100,-
Meningitis Research Foundation,mrf,0,0,0,0,0,0,-,-,-
Mensen met een Missie,mm1,1,1,1,0,0,0,0,0,0
Mercy Corps Europe,mce,9,8,3,7,6,2,78,75,67
Mercy Corps Global,mcg,0,0,0,0,0,0,-,-,-
Mercy Corps Netherlands,mcn,1,0,0,1,0,0,100,-,-
MICAIA,mic-uk,2,2,2,0,0,0,0,0,0
Micro Insurance Academy,mia_india,0,0,0,0,0,0,-,-,-
MicroLoan Foundation,mlf,0,0,0,0,0,0,-,-,-
Miel Maya Honing asbl,mmha,8,8,0,8,8,0,100,100,-
Mifumi UK,mifumi_uk,0,0,0,0,0,0,-,-,-
Milieudefensie,foenl,8,0,0,3,0,0,38,-,-
Millennium Challenge Corporation,millenniumchallenge,596,567,388,0,0,0,0,0,0
Ministry of Foreign Affairs - United Arab Emirates (UAE),mofaic_uae,1,1,1,0,0,0,0,0,0
Ministry of Foreign Affairs of  Japan,mofa-jpn,243,237,192,0,0,0,0,0,0
Ministry of Foreign and European Affairs of the Slovak Republic,slovakaid,146,136,131,0,0,0,0,0,0
Ministère de l'Economie et des Finances du Bénin,mefbenin,2,2,0,0,0,0,0,0,-
Minority Rights Group,mrg,2,2,2,2,0,0,100,0,0
Mission Øst,missioneast,3,3,0,0,0,0,0,0,-
Mondiaal FNV,mondiaalfnv,14,0,0,0,0,0,0,-,-
mothers2mothers,m2m_sa,0,0,0,0,0,0,-,-,-
Motivation,motivation,0,0,0,0,0,0,-,-,-
Mott MacDonald Limited,mml,3,3,3,0,0,0,0,0,0
Mukisa Foundation,mukisa_foundation,1,1,1,0,0,0,0,0,0
Mulanje Mission Hospital,mmh,1,1,1,1,1,0,100,100,0
Multilateral Investment Fund,fomin,176,164,100,0,0,0,0,0,0
Musalaha Ministry of Reconciliation,mmr_admin2,0,0,0,0,0,0,-,-,-
Muslim Aid,muslimaid,0,0,0,0,0,0,-,-,-
MVO Nederland,mvo_nederland,12,1,1,0,0,0,0,0,0
Mwatana for Human Rights,mwatana,1,1,0,0,0,0,0,0,-
Mzumbe University,m_u,3,3,2,0,0,0,0,0,0
Médecins Sans Vacances,msv,5,5,0,5,5,0,100,100,-
"Namati, Inc",namati_inc,2,2,0,2,0,0,100,0,-
Nathan Associates London Ltd.,nathan,9,9,8,3,0,0,33,0,0
National Coalition of Human Rights Defenders - Kenya,nchrdk,0,0,0,0,0,0,-,-,-
Natural Resource Governance Institute (NRGI),nrgi,0,0,0,0,0,0,-,-,-
"Natural Resources Institute, University of Greenwich.",nri,0,0,0,0,0,0,-,-,-
Near East Foundation (NEF USA),nef_usa,0,0,0,0,0,0,-,-,-
Near East Foundation Mali (NEF Mali),nef_mali,1,1,1,0,0,0,0,0,0
Near East Foundation UK (NEF UK),nef-uk,1,1,1,1,1,1,100,100,100
Neem Foundation,neem,1,1,1,1,0,0,100,0,0
Nepal Disabled Human Rights Center,dhrc_nepal,1,1,1,1,1,0,100,100,0
Nepal Netra Jyoti Sangh,nnjs_nepal,1,1,1,0,0,0,0,0,0
Netherlands - Ministry of Foreign Affairs,minbuza_nl,1246,1002,555,1142,717,304,92,72,55
Netherlands Commission for Environmental Assessment,ncea,33,33,33,5,0,0,15,0,0
Netherlands Enterprise Agency,rvo,198,174,122,1,0,0,1,0,0
Netherlands Institute for Multiparty Democracy (NIMD),nimd-hq,6,0,0,0,0,0,0,-,-
Netherlands Leprosy Relief,nlr,0,0,0,0,0,0,-,-,-
Netherlands Organisation for Scientific Research (NWO),nwo,3,3,1,3,3,1,100,100,100
Netherlands Red Cross,nlrc,123,53,16,17,0,0,14,0,0
Netherlands Space Office,nso,8,5,1,0,0,0,0,0,0
Network for Africa,network4africa,0,0,0,0,0,0,-,-,-
Network For Enterprise Enhancement and Development Support,needs,0,0,0,0,0,0,-,-,-
New Zealand - Ministry of Foreign Affairs and Trade - New Zealand Aid Programme,mfat,449,417,272,252,176,72,56,42,26
NGO Federation of Nepal,nfn,0,0,0,0,0,0,-,-,-
Ngo-federatie (Vlaamse federatie van ngo's voor ontwikkelingssamenwerking),ngo-federatie,5,5,0,5,5,0,100,100,-
Niger Delta Stakeholders Initiative for Community Development and Empowerment,ndsicde,2,0,0,2,0,0,100,-,-
NKHOMA MISSION HOSPITAL,nmhiati,1,1,0,0,0,0,0,0,-
Nonviolent Peaceforce South Sudan,npss,0,0,0,0,0,0,-,-,-
Norad - Norwegian Agency for Development Cooperation,norad,2350,1248,679,1785,714,315,76,57,46
Northern Network for Education Development,nned,5,5,5,0,0,0,0,0,0
Northern Rangelands Trust,nrt-kenya,6,6,6,0,0,0,0,0,0
Norwegian People's Aid,npa,1,1,0,1,0,0,100,0,-
Norwegian Refugee Council,nrc,12,11,5,5,3,0,42,27,0
"NpM, Platform for Inclusive Finance",npm,0,0,0,0,0,0,-,-,-
Nuffic,nuffic20171017,35,25,6,0,0,0,0,0,0
Nutrition International,nutritionintl,1,1,0,0,0,0,0,0,-
OCHA Country Based Pooled Funds,unocha-cbpf,320,89,5,320,89,5,100,100,100
ODI Sales Limited,odi_sales_ltd,3,3,0,2,1,0,67,33,-
OECD,oecd,1,0,0,1,0,0,100,-,-
Okapi Consulting,okapiconsulting,1,1,1,0,0,0,0,0,0
Omidyar Network Fund Inc.,omidyarnetwork,1,1,1,0,0,0,0,0,0
One Acre Fund,oneacrefund,8,8,8,1,1,1,13,13,13
One to One Children's Fund,onetoonecf,0,0,0,0,0,0,-,-,-
One Young World,oyw,4,4,4,0,0,0,0,0,0
ONG ALCRER,alcrer-1,7,7,7,0,0,0,0,0,0
openmindedly,openmindedly,1,1,1,0,0,0,0,0,0
OpenNorth,opennorth,0,0,0,0,0,0,-,-,-
Opportunity International Savings and Loans Ltd,oisl_gh,1,1,0,1,1,0,100,100,-
Opportunity International UK,opportunity-international-uk,6,6,5,1,1,0,17,17,0
Options Consultancy Services,options,6,5,3,6,5,2,100,100,67
Orbis Africa,orbis_africa,0,0,0,0,0,0,-,-,-
Orbis Charitable Trust,orbis_uk,2,2,2,2,2,2,100,100,100
Orbis Ethiopia,orbis_ethiopia,1,1,1,1,1,1,100,100,100
Orbis International,orbis_international,2,2,2,2,2,2,100,100,100
Overseas Development Institute,odi,1,1,1,1,1,1,100,100,100
Oxfam America,oxfamus,357,357,357,0,0,0,0,0,0
Oxfam Australia,oau,13,11,7,0,0,0,0,0,0
Oxfam GB,oxfamgb,97,82,26,0,0,0,0,0,0
Oxfam IBIS,ibis_denmark,26,21,1,25,20,0,96,95,0
Oxfam India,oxfamindia,0,0,0,0,0,0,-,-,-
Oxfam Intermón,oxfamintermon,56,56,56,0,0,0,0,0,0
Oxfam Novib,onl,666,299,124,271,0,0,41,0,0
Oxfam Solidarité-Solidariteit,oxsol,12,12,0,12,12,0,100,100,-
Oxfam Wereldwinkels,oww,2,2,0,2,2,0,100,100,-
Oxfam-Magasins du monde (omdm),omdm,4,4,0,4,4,0,100,100,-
Oxford Policy Management,opml,12,12,7,9,7,3,75,58,43
Pact,pact,0,0,0,0,0,0,-,-,-
Palladium Europe,palladium_eur,0,0,0,0,0,0,-,-,-
Palladium International Ltd (UK),palladium,15,13,9,4,1,0,27,8,0
Palliative Care Association of Malawi,pacam,1,1,0,1,0,0,100,0,-
Palliative Care Support Trust,pcst,2,2,2,1,1,0,50,50,0
Panos Institute West Africa (PIWA),ipao,0,0,0,0,0,0,-,-,-
Partnership for African Social & Governance Research (PASGR),pasgr,1,1,1,0,0,0,0,0,0
partos,partos_nl,9,2,2,7,0,0,78,0,0
Pastoralist Girls Initiative,pgi_kenya,1,1,1,0,0,0,0,0,0
PATH,_path_,2,2,2,2,2,2,100,100,100
PAX,pax,43,13,7,31,0,0,72,0,0
Peace Direct,peacedirect,1,1,1,1,1,1,100,100,100
PEAS (Promoting Equality in African Schools),peas,3,3,3,2,1,0,67,33,0
Penal Reform International,pri,1,0,0,1,0,0,100,-,-
People In Aid,peopleinaid,0,0,0,0,0,0,-,-,-
People in Need,pin,78,71,23,0,0,0,0,0,0
PHASE Nepal,phase-nepal,0,0,0,0,0,0,-,-,-
PHASE Worldwide,phase_worldwide,1,1,1,1,0,0,100,0,0
Plan International Belgium,pib,13,13,0,13,13,0,100,100,-
Plan International Finland,planinternationalfinland,0,0,0,0,0,0,-,-,-
Plan International Netherlands,plannlno,58,22,11,0,0,0,0,0,0
Plan International UK,plan_uk,23,19,8,7,5,1,30,26,13
Plan International USA,plan_usa,1,1,1,0,0,0,0,0,0
Plan Ireland Charitable Assistance Limited,plan_ireland,0,0,0,0,0,0,-,-,-
PlanBørnefonden,plb,1,1,1,1,0,0,100,0,0
Plataforma Moçambicana da Água (PLAMA),plama,1,1,1,1,1,1,100,100,100
PONT,pont,0,0,0,0,0,0,-,-,-
Pontis Foundation,pontis,2,2,2,0,0,0,0,0,0
Population Media Center,pmc,1,1,1,0,0,0,0,0,0
Population Service International,psi,10,8,8,1,1,0,10,13,0
Population Services and Training Centre (PSTC),pstc_1102,1,1,1,0,0,0,0,0,0
Population Services Kenya,pskenya_19,7,5,4,2,0,0,29,0,0
PositiveNegatives,posneg,0,0,0,0,0,0,-,-,-
Power International,power,1,1,1,0,0,0,0,0,0
PRACTICA Foundation,practica,0,0,0,0,0,0,-,-,-
Practical Action,pa,47,40,20,31,17,3,66,43,15
Pragya India,pragya,0,0,0,0,0,0,-,-,-
PRI Association,pri_icf,0,0,0,0,0,0,-,-,-
PricewaterhouseCoopers Private Limited India,pwcplindia,1,0,0,0,0,0,0,-,-
Prince Claus Fund,pcf,40,27,6,16,0,0,40,0,0
Private Infrastructure Development Group,pidg,8,8,8,0,0,0,0,0,0
Progressio,progressio,10,10,10,0,0,0,0,0,0
Project Harar,phe,0,0,0,0,0,0,-,-,-
Promundo-US,pmo-us,3,3,3,0,0,0,0,0,0
Protecting Families Against HIV/AIDS,prefa_1,1,1,1,0,0,0,0,0,0
Protos,protos,11,11,0,10,10,0,91,91,-
Publish What You Fund,pwyf,0,0,0,0,0,0,-,-,-
PUM Netherlands,pumnl,1,0,0,1,0,0,100,-,-
Pump Aid,pumpaid,1,1,0,1,0,0,100,0,-
PwC,pwc,2,2,2,1,1,0,50,50,0
Queen Rania Foundation for Education and Development,qrfed,0,0,0,0,0,0,-,-,-
Quinoa,quinoa,4,4,0,4,4,0,100,100,-
Rahnuma-Family Planning Assocation of Pakistan,rfpap,0,0,0,0,0,0,-,-,-
Railway Children,rc,3,3,2,1,0,0,33,0,0
Railway Children Africa,rc2africa,1,1,0,0,0,0,0,0,-
RAIN Foundation (former),rainfoundation,0,0,0,0,0,0,-,-,-
Rainforest Alliance,rainforest-alliance,1,1,1,0,0,0,0,0,0
Rainforest Foundation UK,rfuk,0,0,0,0,0,0,-,-,-
Raleigh International,raleigh_int,2,2,2,1,1,0,50,50,0
RCN Justice & Démocratie,rcn,10,10,0,10,10,0,100,100,-
Reach A Hand Uganda,rahuug,0,0,0,0,0,0,-,-,-
Red Cross Red Crescent Climate Centre,climate_centre,17,0,0,14,0,0,82,-,-
Regional Advisory Information and Network Systems,rains,1,1,1,0,0,0,0,0,0
"Rehabilitation, Education and Community Health (REACH)",reach-iraq,0,0,0,0,0,0,-,-,-
Relief International - Somalia,ri_kenya,0,0,0,0,0,0,-,-,-
Relief International UK,ri-uk,0,0,0,0,0,0,-,-,-
Rene Moawad Foundation,rmf-lb,1,1,1,1,0,0,100,0,0
Republic of Korea,odakorea,1167,854,269,0,0,0,0,0,0
Resilience,resilience,2,2,2,1,1,0,50,50,0
Resource Extraction Monitoring,rem,0,0,0,0,0,0,-,-,-
Responsible Mining Foundation,rmf,0,0,0,0,0,0,-,-,-
Restless Development,restless,2,2,2,2,2,2,100,100,100
Results for Development,r4d,1,1,1,1,1,1,100,100,100
Retrak,retrak,0,0,0,0,0,0,-,-,-
Right to Play Netherlands Foundation,rtp,0,0,0,0,0,0,-,-,-
Rikolto,rikolto,13,13,0,13,13,0,100,100,-
Rikolto in Belgium,rikolto_belgium,3,3,0,3,3,0,100,100,-
Rode Kruis-Vlaanderen Internationaal vzw,rkiv,15,15,0,14,14,0,93,93,-
Rojiroti UK,rojiroti,0,0,0,0,0,0,-,-,-
Romania Ministry of Foreign Affairs,uasd,0,0,0,0,0,0,-,-,-
Rotary Clubs For Development,rc4d,5,5,0,5,5,0,100,100,-
Royal College of General Practitioners (RCGP),rcgp-international,0,0,0,0,0,0,-,-,-
Royal College of Obstetricians & Gynaecologists,rcog_resilience_in_obstetric_skills,1,1,1,0,0,0,0,0,0
Royal Commonwealth Ex-Sevices League,rcel,1,1,1,1,1,1,100,100,100
Royal National Lifeboat Institution (RNLI),rnli_international,1,1,1,1,1,0,100,100,0
Royal Netherlands Football Association,knvb,0,0,0,0,0,0,-,-,-
Royal Society for the Protection of Birds,rspb_,0,0,0,0,0,0,-,-,-
Royal Tropical Institute,kit,9,9,9,8,0,0,89,0,0
RUAF Foundation,ruaf,4,4,4,0,0,0,0,0,0
Rutgers,rutgers,32,14,14,0,0,0,0,0,0
Sabre Education Limited,sct,1,1,1,1,1,1,100,100,100
Saferworld,saferworld,9,9,5,6,3,0,67,33,0
Samaritan's Purse UK,spuk,1,1,1,0,0,0,0,0,0
Savana Signatures,savsign-org,0,0,0,0,0,0,-,-,-
Save the Children DK,redbarnet,2,2,0,2,0,0,100,0,-
Save the Children International,sci,33,21,12,0,0,0,0,0,0
Save the Children Netherlands,scnl,9,3,0,9,2,0,100,67,-
Save the Children UK,scuk,44,26,15,0,0,0,0,0,0
SCI Projets Internationaux ASBL_Service Civil International branche belge,scibelgium,3,3,0,3,3,0,100,100,-
Scotland's International Development Alliance,sinda,0,0,0,0,0,0,-,-,-
Scottish Catholic International Aid Fund (SCIAF),sciaf,2,2,1,1,1,0,50,50,0
Search for Common Ground (SFCG),sfcg,2,2,1,0,0,0,0,0,0
SECOURS CATHOLIQUE - CARITAS FRANCE,sccf,230,230,230,85,0,0,37,0,0
Seefar,seefar,1,1,0,0,0,0,0,0,-
Sehat Kahani (Community Innovation Hub),sehatkahanicih,0,0,0,0,0,0,-,-,-
Self Help Africa,self-help-africa,18,14,6,0,0,0,0,0,0
Send a Cow,sendacow,7,7,5,2,1,0,29,14,0
Send a Cow Ethiopia,sacethiopia,1,1,0,0,0,0,0,0,-
Send a Cow Kenya,sac_kenya,1,1,0,0,0,0,0,0,-
Send a Cow Uganda,sacu,0,0,0,0,0,0,-,-,-
Sense International,sense_international,3,3,3,2,1,1,67,33,33
Sensorial Handicap Cooperation,shc,4,4,0,4,4,0,100,100,-
ShelterBox,shelterbox,0,0,0,0,0,0,-,-,-
Shift Project Ltd.,shiftproject,5,5,5,0,0,0,0,0,0
Shtrii Shakti,shtrii_shakti,0,0,0,0,0,0,-,-,-
Sightsavers,ss-org,215,170,140,0,0,0,0,0,0
Signal,signal,1,1,1,0,0,0,0,0,0
Silsab Foundation,silsab1-_,1,1,1,0,0,0,0,0,0
Simavi,simavi,24,11,8,19,6,4,79,55,50
Simprints,simprints,0,0,0,0,0,0,-,-,-
Siren Associates,siren,1,1,0,0,0,0,0,0,-
Small Arms Survey,sas_sana,1,1,0,1,0,0,100,0,-
SNV Netherlands Development Organisation,snv,86,38,28,4,4,4,5,11,14
Social Development Direct Limited,sddirect,5,5,5,0,0,0,0,0,0
"Social Fund for Development, Yemen",sfd-yemen,163,163,163,0,0,0,0,0,0
Social Impact Lab CIC,simlab,2,2,2,0,0,0,0,0,0
Social Watch Benin,swb_1,0,0,0,0,0,0,-,-,-
Société Nationale des eaux du Bénin (SONEB),soneb-benin,1,1,0,0,0,0,0,0,-
SolarNow Services (U) Ltd,solarnowsofa,1,1,1,0,0,0,0,0,0
Solidagro,solidagro_admin,11,11,0,10,10,0,91,91,-
Solidaridad,solidaridad,65,3,1,23,0,0,35,0,0
Solidaridad Europe,solidaridad-europe,31,6,5,10,0,0,32,0,0
Solidaridad South & South-East Asia,solidaridad-ssea,26,3,0,13,0,0,50,0,-
Solidaridad West Africa,solidaridad-waf,13,6,2,7,2,0,54,33,0
Solsoc,solsoc,12,12,0,12,12,0,100,100,-
Sonke Gender Justice,sjg,1,1,1,0,0,0,0,0,0
SOS Children's Villages Kenya,soscvkenya,0,0,0,0,0,0,-,-,-
SOS Children's Villages The Netherlands,sosnl,6,6,6,0,0,0,0,0,0
SOS FAIM - SOS HUNGER,sosfaim,11,11,0,10,10,0,91,91,-
SOS Kinderdorpen België / SOS Villages d'Enfants Belgique,svdbskb_admin,4,4,0,4,4,0,100,100,-
SOS Sahel International UK,sossaheluk,0,0,0,0,0,0,-,-,-
Sound Seekers Limited,soundseekers,0,0,0,0,0,0,-,-,-
South Asian Women Development Forum,sawdf-admin,2,2,2,0,0,0,0,0,0
Southern African Catholic Bishops' Conference Aids Office,sacbc,0,0,0,0,0,0,-,-,-
SouthSouthNorth,ssn,1,1,1,1,0,0,100,0,0
Spain - Ministry of Foreign Affairs and Cooperation,maec,1351,46,33,0,0,0,0,0,0
Spanish Agency for International Development Cooperation (AECID),aecid,333,248,95,59,0,0,18,0,0
SPARK,spark,4,4,4,1,0,0,25,0,0
Special Hope Network,shn,1,1,1,0,0,0,0,0,0
Stakeholder Democracy Network,sdn,1,0,0,0,0,0,0,-,-
Stars Foundation,starsfoundation,1,1,1,0,0,0,0,0,0
STC International,stc-international,1,1,1,0,0,0,0,0,0
Stichting ActionAId,aanl,4,0,0,4,0,0,100,-,-
Stichting Aflatoun International,aflatoun,0,0,0,0,0,0,-,-,-
Stichting Agriterra,agriterra,278,22,12,132,2,2,47,9,17
Stichting Aidenvironment,aidenvironment,6,6,3,0,0,0,0,0,0
Stichting Beheer Subsidiegelden DRA,stichting-subsidiegelden-dra,0,0,0,0,0,0,-,-,-
Stichting Deltares,deltares,17,12,12,0,0,0,0,0,0
Stichting fondsbeheer DGGF lokaal MKB,dggf_financing_local_smes,48,47,38,31,29,22,65,62,58
Stichting Health Action International,hai,6,1,1,5,1,1,83,100,100
Stichting Humana,humana_houben,1,1,1,0,0,0,0,0,0
Stichting Kinderpostzegels Nederland,skn,1,0,0,0,0,0,0,-,-
Stichting Liliane Fonds,slf,0,0,0,0,0,0,-,-,-
Stichting Mayday Rescue Foundation,maydayrescue,1,1,1,0,0,0,0,0,0
Stichting Nederlands Instituut voor Internationale Betrekkingen 'Clingendael',clingendael,5,5,1,4,2,0,80,40,0
Stichting Onderzoek Multinationale Ondernemingen (SOMO),somo,8,0,0,8,0,0,100,-,-
Stichting Red een Kind,redeenkind,0,0,0,0,0,0,-,-,-
Stichting Vluchteling,st_vluchteling,4,2,1,2,0,0,50,0,0
Stichting VU Amsterdam - Amsterdam Centre for World Food Studies,acwfs_vu,0,0,0,0,0,0,-,-,-
Stichting Woord en Daad,w-d,1,1,0,1,1,0,100,100,-
Stockholm International Water Institute,siwi,1,0,0,1,0,0,100,-,-
Street Child,street_child,4,4,2,4,3,2,100,75,100
StreetInvest,si,1,1,1,0,0,0,0,0,0
Stromme Foundation,stromme_ug,0,0,0,0,0,0,-,-,-
Studio Globo,sg,3,3,0,2,2,0,67,67,-
Support Trust for Africa Development (STAD),stad,0,0,0,0,0,0,-,-,-
Survivors Fund (SURF),surf,1,1,1,0,0,0,0,0,0
"Sweden, through Swedish International Development Cooperation Agency (Sida)",sida,4673,3772,2188,3577,2181,695,77,58,32
Switzerland - Swiss Agency for Development and Cooperation (SDC),sdc_ch,10742,9616,8471,0,0,0,0,0,0
Sympany+,simone_sympany,0,0,0,0,0,0,-,-,-
Syria Relief,sr,1,1,1,0,0,0,0,0,0
Syrian Center for Media and Freedom of Expression,scm,4,4,4,0,0,0,0,0,0
Tameer-e-Khalaq Foundation,tkf1234,1,1,1,0,0,0,0,0,0
Target TB,targettb,0,0,0,0,0,0,-,-,-
TB Alert,tbalert,1,1,1,0,0,0,0,0,0
Teach A Man To Fish,tamtf,0,0,0,0,0,0,-,-,-
TEAR fund Nederland,tear,4,1,0,0,0,0,0,0,-
Tearfund,tearfund,3,2,1,1,0,0,33,0,0
Tearfund VZW (TFBE),tfb_admin1,3,3,0,3,3,0,100,100,-
TechnoServe,tns,2,2,2,1,1,1,50,50,50
Terre des Hommes Netherlands,tdh_nl,15,6,1,1,0,0,7,0,0
Terre des hommes- Aide à l'enfance dans le monde- Fondation,tdh_foundation,1,1,0,0,0,0,0,0,-
The Access to Nutrition Foundation,atnf,8,8,8,0,0,0,0,0,0
The Asia Foundation,taf,38,38,38,1,0,0,3,0,0
The Carter Center,carter-center,0,0,0,0,0,0,-,-,-
the center for victimized women and children,cavwoc,0,0,0,0,0,0,-,-,-
The Coca-Cola Export Corporation,tccec,0,0,0,0,0,0,-,-,-
The Commonwealth Secretariat,commonwealthsecretariat,48,48,9,42,0,0,88,0,0
The Convention on Business Integrity,cbi-nigeria,0,0,0,0,0,0,-,-,-
The Foundation Center,foundation_center,0,0,0,0,0,0,-,-,-
The Fred Hollows Foundation (UK),fhfuk,1,1,0,1,1,0,100,100,-
The Freedom Fund,thefreedomfund,0,0,0,0,0,0,-,-,-
The Global Alliance for Improved Nutrition,gain,0,0,0,0,0,0,-,-,-
"The Global Development Incubator, Inc",gdi,1,1,0,1,1,0,100,100,-
The Global Forum on MSM & HIV (MSMGF),msmgf,6,6,6,0,0,0,0,0,0
"The Global Fund to Fight AIDS, Tuberculosis and Malaria",theglobalfund,280,120,30,277,115,29,99,96,97
The HALO Trust,halo,1,0,0,1,0,0,100,-,-
The Hunger Project Netherlands,thp_org,1,0,0,0,0,0,0,-,-
The International Children's Trust,theict,1,1,1,0,0,0,0,0,0
The International Rescue Committee,irc_inc,22,18,6,17,7,2,77,39,33
The Legal Aid Forum,laf,2,2,1,0,0,0,0,0,0
The Leprosy Mission England and Wales,tlmew,1,1,1,1,1,1,100,100,100
The Louis Berger Group Inc.,lbg,1,1,1,1,1,1,100,100,100
The Mailman School of Public Health,mailman_school_of_public_health,1,1,1,1,1,1,100,100,100
The MENTOR Initiative,the_mentor_initiative,1,1,1,1,1,1,100,100,100
The National Association of Municipalities of Benin (ANCB),ancb_benin,24,24,1,0,0,0,0,0,0
The OPEC Fund for International Development (OFID),ofid,1432,1432,1432,0,0,0,0,0,0
The Open University,open_university,7,7,4,6,5,1,86,71,25
"The Population Council, Inc.",populationcouncil,1,0,0,1,0,0,100,-,-
The Power of Nutrition,the_power_of_nutrition,11,11,10,10,9,9,91,82,90
The Princess Alia Foundation,paf_2018,4,4,4,0,0,0,0,0,0
The Queen Elizabeth Diamond Jubilee Trust,qedjt,0,0,0,0,0,0,-,-,-
The Salvation Army International Development UK,said-uk,1,1,1,0,0,0,0,0,0
The United Nations Relief and Works Agency for Palestine Refugees in the Near East (UNRWA),unrwa,271,23,7,270,0,0,100,0,0
"The University of Dodoma (UDOM), Tanzania",udom,1,1,0,0,0,0,0,0,-
The University of Manchester,uom,2,2,2,1,1,0,50,50,0
The University of Oxford,oxford,1,1,1,1,1,0,100,100,0
The William and Flora Hewlett Foundation,hewlett-foundation,264,218,78,0,0,0,0,0,0
The World Bank,worldbank,1326,1165,846,1300,1099,812,98,94,96
Theatre for a Change Malawi,tfacmalawi,0,0,0,0,0,0,-,-,-
Theatre for a Change UK,tfac,0,0,0,0,0,0,-,-,-
Timidria,timidria,1,1,0,1,0,0,100,0,-
TradeMark East Africa,tmea,73,66,49,0,0,0,0,0,0
Traidcraft Exchange,traidcraft,1,1,0,1,1,0,100,100,-
transforma,transforma,0,0,0,0,0,0,-,-,-
Transnational Institute,tni,4,0,0,0,0,0,0,-,-
Transparency International Bangladesh,tib,0,0,0,0,0,0,-,-,-
Transparency International Kenya,ti_kenya,0,0,0,0,0,0,-,-,-
Transparency International Secretariat,transparency-international,4,2,1,1,0,0,25,0,0
Transparency International UK,ti-uk,3,2,0,3,0,0,100,0,-
TREE AID,treea,1,1,1,0,0,0,0,0,0
Triangle Génération Humanitaire,tgh,0,0,0,0,0,0,-,-,-
Trianglen,trianglen,42,42,41,41,19,14,98,45,34
Trias,trias,15,15,0,15,15,0,100,100,-
Triple Line,tripleline_crownagents,113,113,113,0,0,0,0,0,0
Trocaire,trocaire,2,0,0,0,0,0,0,-,-
Trocaire (Northern Ireland),troc,0,0,0,0,0,0,-,-,-
Tropenbos International,tbi,21,8,8,13,1,1,62,13,13
Tropical Health and Education Trust,tropicalhealth,1,1,1,0,0,0,0,0,0
Trust for Africa's Orphans,tao-03473165,0,0,0,0,0,0,-,-,-
Trust for Indigenous Culture and Health,ticah,1,1,1,0,0,0,0,0,0
Twaweza,twaweza,0,0,0,0,0,0,-,-,-
Twin,twin-iati,2,2,2,0,0,0,0,0,0
Uganda Martyrs University,umu,1,1,0,0,0,0,0,0,-
UHAI EASHRI,uhai-eashri,3,0,0,0,0,0,0,-,-
"UK - Department for Business, Energy and Industrial Strategy (BEIS)",beis,727,660,212,458,229,25,63,35,12
"UK - Department for Digital, Culture, Media and Sport",dcms,2,2,2,1,1,0,50,50,0
"UK - Department for Environment, Food and Rural Affairs",defra_transparency,39,39,13,31,6,5,79,15,38
UK - Department for International Development (DFID),dfid,2108,1889,1191,1569,1156,614,74,61,52
UK - Department for Work and Pensions,dwp,1,1,1,1,1,1,100,100,100
UK - Department of Health and Social Care (DHSC),dhsc,85,77,19,71,19,6,84,25,32
UK - Foreign & Commonwealth Office,fco,321,321,275,0,0,0,0,0,0
UK - Home Office,homeoffice,4,0,0,0,0,0,0,-,-
UK - Medical Research Council,mrc,186,186,186,0,0,0,0,0,0
UK - Ministry of Defence,ukmod,0,0,0,0,0,0,-,-,-
UK - Scottish Government,scottish_government,0,0,0,0,0,0,-,-,-
UK – Department for Education,dfe,0,0,0,0,0,0,-,-,-
ULB-Coopération,ulbcoop,11,11,0,11,11,0,100,100,-
UN Global Compact Local Network UK,ungc-uk,1,1,1,1,1,1,100,100,100
UN Pooled Funds,unpf,5061,5005,4902,0,0,0,0,0,0
UN Women,unw,1012,805,345,859,574,264,85,71,77
UN-Habitat,unhabitat,0,0,0,0,0,0,-,-,-
Unicef Belgium National Committee,ub,4,4,0,4,4,0,100,100,-
UNICEF Netherlands National Committee,unicefnl,2,0,0,0,0,0,0,-,-
Unie van Waterschappen,uvw,18,18,18,0,0,0,0,0,0
Union des Villes et Communes de Wallonie (UVCW),uvcw,5,5,0,5,5,0,100,100,-
Union of Agricultural Work Committees,uawc,0,0,0,0,0,0,-,-,-
UNITAID,utd,34,27,14,28,20,9,82,74,64
United Disabled Persons of Kenya,udpk,0,0,0,0,0,0,-,-,-
United Mission to Nepal,umn,0,0,0,0,0,0,-,-,-
United Nations Capital Development Fund,uncdf,120,40,3,86,0,0,72,0,0
United Nations Central Emergency Response Fund (CERF),cerf,122,51,40,122,51,40,100,100,100
United Nations Children's Fund (UNICEF),unicef,3097,2385,1100,3097,2385,1100,100,100,100
United Nations Development Programme (UNDP),undp,4403,1975,854,3673,1216,490,83,62,57
"United Nations Educational, Scientific and Cultural Organization (UNESCO)",unesco,118,75,24,118,53,0,100,71,0
United Nations Environment Programme (UNEP),un-environment,1,1,0,0,0,0,0,0,-
United Nations Foundation,unf,4,4,4,1,0,0,25,0,0
United Nations High Commissioner for Refugees (UNHCR),unhcr,120,120,0,120,120,0,100,100,-
United Nations Industrial Development Organization (UNIDO),unido,540,383,197,484,0,0,90,0,0
United Nations Joint Programme on HIV and AIDS Secretariat (UNAIDS),unaids,0,0,0,0,0,0,-,-,-
United Nations Office for Project Services (UNOPS),unops,1027,1027,1027,0,0,0,0,0,0
United Nations Office for the Coordination of Humanitarian Affairs (OCHA),unocha,77,77,77,77,77,77,100,100,100
United Nations Office for the Coordination of Humanitarian Affairs (Specially-Designated Contributions),unocha-sdc,4,4,4,0,0,0,0,0,0
United Nations Population Fund,unfpa,0,0,0,0,0,0,-,-,-
United Nations World Food Programme (WFP),wfp,643,522,365,643,522,365,100,100,100
United Purpose,cu,1,1,1,0,0,0,0,0,0
United States,unitedstates,3030,2860,1772,919,0,0,30,0,0
United States Agency for International Development (USAID),usaid,1375,1255,761,0,0,0,0,0,0
United Work,united_work,0,0,0,0,0,0,-,-,-
Universitair Centrum voor Ontwikkelingssamenwerking,ucos,2,2,0,2,2,0,100,100,-
Universiteit Leiden,universiteit_leiden,2,1,1,2,1,1,100,100,100
University College London,ucl,1,1,1,0,0,0,0,0,0
University of Amsterdam,uva_org,13,1,1,0,0,0,0,0,0
University of Birmingham (Governance and Social Development Resource Centre),universityofbirmingham_gsdrc,0,0,0,0,0,0,-,-,-
University of Dundee,uodcepmlp,1,1,1,0,0,0,0,0,0
University of Kinshasa,dspd_unikin,3,3,3,0,0,0,0,0,0
University of Leeds,leedsuni,0,0,0,0,0,0,-,-,-
University of Nottingham,uni_of_nottingham,1,1,0,0,0,0,0,0,-
University Of Zimbabwe,1-uz,1,1,1,0,0,0,0,0,0
University Twente,utwente,0,0,0,0,0,0,-,-,-
Upper Quartile,uq,0,0,0,0,0,0,-,-,-
Urgent Action Fund for Women's Human Rights,uaf,5,0,0,0,0,0,0,-,-
Urgent Action Fund Latin America and the Caribbean,uafla,9,0,0,0,0,0,0,-,-
Urgent Action Fund-Africa,uaf-africa,8,0,0,0,0,0,0,-,-
UTZ,utz,24,0,0,2,0,0,8,-,-
UWEZO Youth Empowerment,uwezo_youth_empowerment,2,2,0,2,0,0,100,0,-
Varkey Foundation,varkeyfoundation,25,25,25,0,0,0,0,0,0
VEI (Vitens-Evides International),vei_nl,27,27,2,27,27,0,100,100,0
VETERINAIRES SANS FRONTIERES / DIERENARTSEN ZONDER GRENZEN - BELGIUM,vsfbelgium,9,9,0,9,9,0,100,100,-
VIA Don Bosco,via-db,13,13,0,13,13,0,100,100,-
Village Enterprise,villageenterprise,1,1,0,1,0,0,100,0,-
Village Water Ltd,villagewater,1,1,1,0,0,0,0,0,0
Vision Aid Overseas,vao,1,1,1,0,0,0,0,0,0
Vision for a Nation Foundation,vfan,0,0,0,0,0,0,-,-,-
VisionFund International,vfi,1,1,0,1,1,0,100,100,-
Viva,viva,1,1,1,1,1,1,100,100,100
Viva Salud,g3w-m3m_admin,8,8,0,8,8,0,100,100,-
Vlaamse Interuniversitaire Raad voor Universitaire Ontwikkelingssamenwerking (VLIR-UOS),vlir-uos,25,25,0,24,24,0,96,96,-
VNG International,vngi,13,13,2,8,8,0,62,62,0
Voluntary Health Association of India,vhai-org,0,0,0,0,0,0,-,-,-
Voluntary Service Overseas (VSO),vso,8,7,4,2,2,1,25,29,25
VVOB Education for Development,vvob,14,14,0,14,14,0,100,100,-
VVSG - Vereniging van Vlaamse Steden en Gemeenten,vvsg,11,11,0,11,11,0,100,100,-
Wageningen University & Research - Stichting Wageningen Research,wageningen_ur,7,3,1,3,1,1,43,33,100
War Child Canada,wcc,0,0,0,0,0,0,-,-,-
War Child Holland,warchildholland,25,16,7,3,0,0,12,0,0
War Child UK,wcuk,21,21,20,0,0,0,0,0,0
War on Want,waronwant,1,1,1,0,0,0,0,0,0
War on Want NI,wowni,0,0,0,0,0,0,-,-,-
WASH Alliance International,wai,0,0,0,0,0,0,-,-,-
WASTE advisers on urban environment and development,waste,0,0,0,0,0,0,-,-,-
Water & Sanitation for the Urban Poor (WSUP),wsup,0,0,0,0,0,0,-,-,-
Water Finance Facility,wff,2,2,2,2,2,1,100,100,50
Water for People,w4p,0,0,0,0,0,0,-,-,-
Water Integrity Network Association,win,10,10,10,0,0,0,0,0,0
Water Witness International,water-witness-international,6,6,6,0,0,0,0,0,0
Water Works,waterworks,0,0,0,0,0,0,-,-,-
WaterAid,wateraid,3,3,1,1,1,0,33,33,0
We Effect,weeffect,181,180,178,0,0,0,0,0,0
We World - GVC Onlus,ww-gvc,2,2,2,2,2,1,100,100,50
Welbodi Partnership,welbodipartnership,1,1,0,0,0,0,0,0,-
Wellfound,wellfound,2,2,2,0,0,0,0,0,0
Welthungerhilfe,whh,7,5,1,6,3,1,86,60,100
Wemos Foundation,wemos,3,0,0,3,0,0,100,-,-
Wereldsolidariteit-Solidarité Mondiale (WSM),wsm,8,8,0,8,8,0,100,100,-
Westminster Foundation for Democracy,wfd,7,6,1,0,0,0,0,0,0
Wetlands International,wi,40,0,0,0,0,0,0,-,-
Win Win Strategies,wws,0,0,0,0,0,0,-,-,-
Windle Trust Kenya,wtk,1,1,1,0,0,0,0,0,0
WNF Wereld Natuur Fonds,wnf,6,0,0,6,0,0,100,-,-
"WO=MEN, Dutch Gender Platform",wo-men,8,4,0,1,1,0,13,25,-
Wolayita Development Association,woda_0486,0,0,0,0,0,0,-,-,-
Womankind Worldwide,womankindworld,2,2,2,2,0,0,100,0,0
Women and Children First (UK),wcf,0,0,0,0,0,0,-,-,-
Women Engage for a Common Future,wecf,1,0,0,0,0,0,0,-,-
Women Environmental Programme,wep,16,16,16,0,0,0,0,0,0
Women for Women International (UK),wfwiuk,3,2,2,3,2,2,100,100,100
Women Peacemakers Program,wpp,1,1,1,0,0,0,0,0,0
Women's Action Group,wag-1983,0,0,0,0,0,0,-,-,-
Women's Environment & Development Organization,wedo,1,0,0,1,0,0,100,-,-
Women's Fund Asia,wf-asia,5,0,0,0,0,0,0,-,-
Women's Global Network on Reproductive Rights,wgnrr_iati,1,0,0,0,0,0,0,-,-
Women's Refugee Commission,w_r_c,5,0,0,0,0,0,0,-,-
World Agroforestry Centre,icraf_,0,0,0,0,0,0,-,-,-
World Association for Christian Communication (UK),wacc-uk,0,0,0,0,0,0,-,-,-
World Benchmarking Alliance Foundation,wba,0,0,0,0,0,0,-,-,-
World Child Cancer UK,wccuk,2,2,2,1,0,0,50,0,0
World Economic Forum,worldeconomicforum,1,1,1,0,0,0,0,0,0
World Economic Forum Geneva,weforum_geneva,0,0,0,0,0,0,-,-,-
World Education Inc.,wei,1,1,1,0,0,0,0,0,0
World Federalist Movement - Institute for Global Policy,wfm-igp,1,1,1,1,0,0,100,0,0
World Health Organization,who,0,0,0,0,0,0,-,-,-
World Jewish Relief,wjr_001,1,1,1,1,1,1,100,100,100
World Resources Institute,wri,2,2,1,2,2,1,100,100,100
World University Service of Canada,wusc,1,1,1,0,0,0,0,0,0
World Vegetable Center,worldveg,5,5,3,5,4,3,100,80,100
World Vision International,wvi,62,62,62,0,0,0,0,0,0
World Vision Netherlands,wvnld,0,0,0,0,0,0,-,-,-
World Vision Syria,wvsyria,0,0,0,0,0,0,-,-,-
World Vision UK,wvuk,19,19,17,1,1,0,5,5,0
World Vision Zimbabwe,wvz-gec,1,1,0,0,0,0,0,0,-
World Waternet,worldwaternet,0,0,0,0,0,0,-,-,-
World Wide Fund for Nature - Pakistan,wwfpakistan,0,0,0,0,0,0,-,-,-
World Wide Fund for Nature Belgium (WWF-BE),wwf-be,6,6,0,5,5,0,83,83,-
World Wide Fund for Nature Denmark,wwfdk,16,16,7,16,16,0,100,100,0
Worldwide Hospice Palliative Care Alliance,whpca,1,1,0,1,0,0,100,0,-
WWF Sweden,wwf-se,17,17,17,0,0,0,0,0,0
WWF-UK,wwf-uk,325,325,325,0,0,0,0,0,0
WYG International B.V.,wygi,2,2,2,0,0,0,0,0,0
Y Care International,ycare,3,3,2,2,1,1,67,33,50
Yamaan Foundation for Health and Social Development,yffhsd,0,0,0,0,0,0,-,-,-
YMCA of Liberia,libymca,1,1,1,0,0,0,0,0,0
Young Africa International HUB,yai-hub,0,0,0,0,0,0,-,-,-
Young Innovations Pvt. Ltd,yipl,1,1,1,0,0,0,0,0,0
Youth Business International,ybi,0,0,0,0,0,0,-,-,-
Youth Net and Counselling - YONECO,yoneco1997,1,1,1,0,0,0,0,0,0
YWCA of Bangladesh,ywcabd,0,0,0,0,0,0,-,-,-
Zambia Orphans Aid UK,zoa_uk,0,0,0,0,0,0,-,-,-
Zimbabwe Educational Trust,zet,0,0,0,0,0,0,-,-,-
Zing,zing,13,13,13,0,0,0,0,0,0
ZOA,zoa,13,11,1,12,10,0,92,91,0
Zoological Society of London,zsl,15,14,4,0,0,0,0,0,0
