Publisher Name,Publisher Registry Id,Activities,Hierarchies (count),Hierarchies
University Of Zimbabwe,1-uz,1,1,1
Koepel van de Vlaamse Noord-Zuidbeweging 11.11.11 VZW,111111_publisher,18,2,1;2
CARE Danmark Fonden for Frivillig Ulandsbistand,12921047,1,1,1
International Initiative for Impact Evaluation,3ie,0,0,
Acid Survivors Foundation,_admin,2,1,1
PATH,_path_,3,1,1
Autre Terre asbl,a-t,7,2,1;2
ActionAid Bangladesh,aab,1,1,1
ActionAid Denmark (Mellemfolkeligt Samvirke),aadk,14,1,1
ActionAid Ghana,aag,1,1,1
Action Against Hunger USA,aahusa,2,1,1
ActionAid International,aai,1,1,1
ACTIONAID INTERNATIONAL KENYA,aaik,2,1,1
Agulhas Applied Knowledge,aak,1,1,1
Stichting ActionAId,aanl,4,1,1
ActionAid Rwanda,aar,3,1,1
Aasaman Nepal,aasaman,1,1,null
ActionAid UK,aauk,29,1,1
Abaseen Foundation UK,abaseen,1,1,1
Able Child Africa,ablechildafrica,2,1,1
Abt Associates Inc,abt,5,1,1
Abt Britain Limited,abtbritain,3,1,1
Afghanistan and Central Asian Association,acaa,1,1,1
Association Centrafricaine de Traduction de la Bible et Alphabetisation,acatba,1,1,1
Accelerator Nepal,acceleratornepal,1,1,1
Accountable Now,accountablenow,1,1,1
African Center for Economic Transformation (ACET),acet,45,1,1
Action Against Hunger UK,acf,62,1,1
Action Contre la Faim,acf-fr,2,1,1
ACTION AGAINST HUNGER SPAIN,acfspain,12,1,1
African Centre for Global Health and Social Transformation,achest,7,1,1
ACODEV,acodev,6,2,1;2
Agency for Cooperation and Research in Development (ACORD),acord,4,1,1
Across,across,2,2,1;null
act4africa,act4africa,1,1,1
Association for Cultural Technical and Educational Cooperation (ACTEC),actec,15,2,1;2
ACTED,acted,3,1,1
Association of Commonwealth Universities,acu,1,1,1
Acumen,acumen,3,1,1
Stichting VU Amsterdam - Amsterdam Centre for World Food Studies,acwfs_vu,0,0,
Auto-Développement Afrique (ADA),ada,3,2,1;2
ADD International (Action on Disability and Development),addinternational,16,2,0;null
Commune de Adja-Ouere - Bénin,adja-ouere,1,1,null
Commune de Adjarra - Bénin,adjarra,1,1,null
Commune de Adjohoun - Bénin,adjohoun,1,1,null
Ajuda de Desenvolvimento de Povo para Povo (ADPP),adpp,1,1,1
ADRA Denmark,adra-dk,3,1,1
"Adventist Development and Relief Agency, Nepal",adra_nepal,2,1,1
Adventist Development and Relief Agency (ADRA Somalia),adrasom,2,1,null
ADRA-UK,adrauk,5,3,0;1;null
ADS-Nyanza,ads-nyanza,1,1,null
Atradius Dutch State Business,adsb,44,1,1
Spanish Agency for International Development Cooperation (AECID),aecid,1670,1,null
AECOM,aecom,64,1,1
Aeras,aeras,1,1,1
Africa Educational Trust,aet,3,2,1;null
Adaptation Fund,af,30,1,null
Agence Française de Développement,afd,4397,2,1;2
African Development Bank,afdb,3185,1,1
AFELT,afelt,1,1,1
Arab foundation for freedoms and equality,afemena,3,1,1
AFEW International,afewinternational,6,1,2
Afghanaid,afghanaid,4,1,1
Stichting Aflatoun International,aflatoun,0,0,
Africalia,africalia,11,1,1
African Parks Network,african_parks,14,1,1
African Revival,africanrevival,1,1,1
Afrikagrupperna Sweden,afrikagrupperna,53,1,null
AfriKids,afrikids,4,2,0;1
American Friends Service Committee,afsc,0,0,
AgDevCo,agdevco,53,1,1
HelpAge International UK,ageintl,21,1,1
Agência de Desenvolvimento do Vale do Zambeze,agencia_do_zambeze,1,1,5
AgResults Initiative,agresults,7,1,1
AgriProFocus,agriprofocus,10,3,1;2;null
Stichting Agriterra,agriterra,1403,3,1;2;3
Academy for Health Development (AHEAD),ahead,1,1,1
African Initiatives,ai_1064413,3,1,1
Administração de Infra-Estruturas de Águas e Saneamento,aias,1,1,1
AICS - Agenzia Italiana per la Cooperazione allo Sviluppo / Italian Agency for Cooperation and Development,aics,4687,2,1;2
AidData,aiddata,24319,1,null
Stichting Aidenvironment,aidenvironment,6,1,1
AIDSPAN,aidspan,7,1,1
Auschwitz Institute for the Prevention of Genocide and Mass Atrocities,aipr,4,1,1
Amnesty International UK Section Charitable Trust,aiuk,1,1,1
Aga Khan Foundation Afghanistan,akf_afghanistan,3,1,1
Aga Khan Foundation (United Kingdom),akfuk73,3,1,1
Commune de Akpro-Missérété - Bénin,akpro-misserete,1,1,null
Aktis Strategy Ltd,aktis,6,1,1
Akvo Foundation,akvo,72,3,1;2;null
Accountability Lab,alab,5,1,1
Alcis Holdings Limited,alcis,1,1,1
ONG ALCRER,alcrer-1,8,1,null
Alfalit,alfalit,2,1,null
Commune de Allada - Bénin,allada,1,1,null
Alliance of Religions and Conservation,alliance_of_religions_and_conservation,1,1,1
All We Can (formerly Methodist Relief and Development Fund),allwecan,2,1,1
Amnesty International The Netherlands,amnesty,22,1,1
Amref Health Africa in Ethiopia,amrefeth,3,1,1
Amref Health Africa - UK,amrefha,21,1,1
Amref Health Africa Headquarters,amrefhq,2,1,1
Amref Health Africa in Kenya,amrefkenya,3,1,1
Amref Health Africa Malawi,amrefmw,3,1,1
Amref Flying Doctors,amrefnl,59,1,1
Amref Health Africa in Tanzania,amreftz,2,1,1
Amref Health Africa in Uganda,amrefug,2,1,1
Ananda Marga Universal Relief Team (AMURT) Africa,amurt_kenya,1,1,1
Agence Nationale d'Approvisionnement en Eau Potable en Milieu Rural du Benin,anaepmr_benin,4,1,null
The National Association of Municipalities of Benin (ANCB),ancb_benin,24,1,null
ANDA,anda,2,1,null
Association for Progressive Communication,apc,3,1,1
Association pour la Promotion de l'Education et de la Formation à l'Etranger,apefe,18,1,1
African Population and Health Research Center,aphrc,1,1,1
Commune de Aplahoué - Bénin,aplahoue,1,1,null
Afghanistan Public Policy Research Organization (APPRO),appro-af,5,1,1
APPRO-Europe,appro-eu,3,1,1
APT Action on Poverty,apt,6,1,1
Aqua for All,aqua4all,371,3,1;3;null
ABAAD - Resource Center for Gender Equality,arcfge,29,1,1
Académie de recherche et d'enseignement supérieur,ares,22,2,1;2
Association for Reproductive and Family Health,arfh,3,1,1
ARK (Absolute Return for Kids),ark,1,1,1
Article19,art19,5,1,1
Asian Development Bank,asdb,1729,1,1
Avocats Sans Frontières,asf,21,2,1;2
Ashoka East Africa,ashoka,1,1,1
Adam Smith International,asi,24,1,1
Anti-Slavery International,asil,5,2,1;3
Aapasi Sahayog Kendra Syangja Nepal (ASK Nepal),ask,2,1,1
Access to Medicine Foundation,atmf,3,1,1
The Access to Nutrition Foundation,atnf,8,1,1
Atos IT Services Ltd,atosuk,3,1,1
Access to Seeds Foundation,atsf,15,1,1
Australia - Department of  Foreign Affairs and Trade,ausgov,13754,1,1
Avanti Communications Plc,ava_admin,1,1,1
Commune de Avrankou - Bénin,avrankou,1,1,null
AVSI FOUNDATION IN UGANDA,avsi_uganda,1,1,1
AVT-L Association of Victims of Terrorism Lebanon,avt-l,28,1,1
African Women's Development Fund,awdf,15,1,1
AWEPA,awepa,10,1,1
Association for Women's Rights in Development (AWID),awid,13,1,1
British Asian Trust,b_a_t,1,1,1
British & Irish Agencies Afghanistan Group,baag,1,1,1
Benelux Afro Center,bac,5,2,1;2
Backward Society Education (BASE),base_22,16,1,1
BasicNeeds,basicneeds,6,1,1
Bees Abroad UK,bauk,1,1,1
Babawatoto Centre For Children and Youth,bawacecy-tz,2,1,1
BBC Media Action,bbcmediaaction,43,1,1
Baylor College of Medicine Children's Foundation Malawi,bcm-cf,1,1,1
Broederlijk Delen,bd,17,2,1;2
BDO LLP,bdo,2,1,1
Belgian Development Cooperation,be-dgd,687,1,1
Bees for Development Trust,beesfordevelopment,2,1,1
"UK - Department for Business, Energy and Industrial Strategy (BEIS)",beis,2219,3,1;2;null
Berytech Foundation,berytech,27,1,1
Bioclimate Research and Development,bioclimate,3,1,1
Beweging voor Internationale Solidariteit - Mouvement pour la Solidarité Internationale,bismsi,3,2,1;2
Business in the Community,bitc,1,1,1
Blue Ventures Conservation,blueventures,1,1,1
Bill & Melinda Gates Foundation,bmgf,0,0,
International Climate Initiative / BMU - IKI Secretariat,bmu_iki,618,1,null
Germany - Ministry for Economic Cooperation and Development,bmz,2306,1,1
Bangladesh Nari Progati Sangha,bnps,1,1,null
Bond,bond,8,1,1
Commune de Bopa - Bénin,bopa,1,1,null
BoP Innovation Center,bopinc,1,1,1
BOS+ tropen,bos_plus_tropen,15,2,1;2
Both ENDS,bothends,12,1,2
BRAC,brac_admin2,2,1,1
BRAC International,bracintl,11,2,0;1
British Council,britishcouncil,21,1,1
Brujula Comunicaciones Estrategicas SAS,brujula,0,0,
Brulocalis,brulocalis,6,2,1;2
Bibliothèques Sans Frontières,bsf1,1,1,1
BSR,bsr_admin,5,1,2
BRAC University,bu,1,1,1
Boston University,bu-carbx-admin,5,1,1
Bucks Community NGO,bucksfarm,1,1,1
Build Africa,buildafrica,2,1,1
Balloon Ventures Foundation,bvf,1,1,1
Burns Violence Survivors - Nepal,bvs-nepal,1,1,1
Brigham and Women's Hospital,bwh,1,1,1
C40 Cities Climate Leadership Group,c40cities,1,1,1
CABI,cabi,12,1,1
Comité pour l'abolition des dettes illégitimes,cadtm,4,2,1;2
Catholic Agency For Overseas Development (CAFOD),cafod,857,1,1
Christian Aid,caid,1162,2,1;2
Christian Aid Ireland,caid_ireland,0,0,
Crown Agents Limited,cal,12,1,1
Camfed International,camfed,14,2,0;null
Canon Collins Trust,canoncollinstrust,1,1,1
Carbon Trust Advisory Ltd,carbontrustadvisory,1,1,1
Cardno Emerging Markets,cardnoem,5,1,1
CARE BENIN/TOGO,carebenintogo,1,1,1
CARE Nederland,carenederland,49,2,1;2
Caribbean Development Bank (CDB),caribank,13,1,1
Caritas Denmark,caritas_denmark,81,1,1
Caritas Serbia,caritas_serbia,6,1,null
Caritas Finland,caritasfin,6,2,1;null
The Carter Center,carter-center,1,1,1
the center for victimized women and children,cavwoc,1,1,null
The Convention on Business Integrity,cbi-nigeria,0,0,
Christian Blind Mission (UK) Ltd.,cbm,6,1,1
Clean Clothes Campaign,ccc,3,1,1
Centre For Citizens With Disabilities,ccdnigeria,0,0,
CDA Collaborative Learning Projects,cda,4,1,1
CDAC Network,cdacnetwork,2,1,1
CDC Group plc,cdc,178,1,1
Chaîne de l'Espoir Belgique / Keten van Hoop België / Chain of Hope Belgium,cdeb-kvhb_admin,4,2,1;2
Conflict Dynamics International,cdi,1,1,1
Coopération par l'Education et la Culture,cec,4,2,1;2
Center for International Studies and Cooperation,ceci,1,1,1
Cecily's Fund,cecily,1,1,1
Christian Engineers in Development,ced,1,1,1
Centre for Environment Human Rights and Development,cehrd1,24,1,1
Coalition for Epidemic Preparedness Innovations,cepi,1,1,1
Centre for Economic Policy Research,cepr,1,1,1
United Nations Central Emergency Response Fund (CERF),cerf,7854,1,1
Cesvi,cesvi,1,1,1
CHOICE for Youth and Sexuality,cfyas,13,1,1
Clinton Health Access Initiative,chai,7,1,1
Chance for Childhood,chanceforchildhood,9,1,1
Chemonics International Inc.,chemonics,1,1,1
Child.org,child-dot_org,1,1,1
ChildFund International,childfund,1,1,1
ChildHope UK,childhopeuk,6,1,1
CARE International Afghanistan,ciafg,2,1,1
Caritas International (Belgium),cibe,25,3,1;2;null
Children in Crisis,cic,2,1,null
Children in Crossfire,cicni,1,1,1
Centre International de Développement et de Recherche,cidr,1,1,1
Climate Investment Funds,cif,261,1,null
CIFAL Scotland,cifal,1,1,1
Centre for Indian Knowledge Systems,ciks,1,1,1
CINI,cini_jhk,1,1,null
International Potato Center,cip,1,1,1
CARE international foundation Switzerland in Sudan,cis,1,1,1
CISU,cisu,3,1,1
CARE International UK,ciuk,179,1,1
Center for Civilians in Conflict,civic_admin,7,1,1
CIVICUS World Alliance for Citizen Participation,civicus,1,1,1
CARE International in Zimbabwe,ciz,1,1,1
COMMISSION JUSTICE ET PAIX ASBL (cjp),cjp,3,2,1;2
CLASP,clasp,3,1,1
Centre for Legal Research and Development,clerd-prpi,5,1,1
ClientEarth,clientearth-1,2,1,1
Red Cross Red Crescent Climate Centre,climate_centre,18,1,1
Stichting Nederlands Instituut voor Internationale Betrekkingen 'Clingendael',clingendael,22,1,1
Centre National de Coopération au Développement (CNCD-11.11.11),cncd,11,2,1;2
CARE Nepal,cnepal,3,1,1
COC Nederland,cocnl_publisher,13,2,1;2
CODA International,coda,1,1,1
Coffey International Development,coffey,42,1,1
ColaLife,colalife,1,1,1
Commune de Comè - Bénin,come,1,1,null
The Commonwealth Secretariat,commonwealthsecretariat,48,1,1
Concern Worldwide,concern_worldwide,38,1,null
Concern Worldwide UK,concernuk,38,1,null
Concordis International,concordis,2,1,1
Congodorpen vzw,congodorpen,5,1,1
Cord,cord,1,1,1
Cordaid,cordaid,89,1,1
Construction Sector Transparency Initiative (CoST),cost_uk,31,1,1
Cowater International Inc,cowater,2,1,1
COWI,cowi,3,2,1;null
Climate Policy Initiative,cpi,2,1,1
Charity Projects Ltd (Comic Relief),cprojects,353,2,1;null
Conciliation Resources,cr,5,2,1;2
CRANE,crane,1,1,1
Croix-Rouge de Belgique Communauté francophone - Activités internationales ASBL,crb-ai_admin,12,2,1;2
CREA,creausa-org,16,1,1
Center for Research on Environment Health and Population Activities (CREHPA),crehpa,1,1,1
International Crisis Group,crisisgroup,1,1,1
Catholic Relief Services,crs,11,1,1
Collectif Stratégies Alimentaires,csa,7,2,1;2
Centre for the Study of Adolescence,csa-kenya,1,1,null
Consortium for Street Children,csc,1,1,1
CARE SOMALIA,csom1,3,1,1
"Conflict, Stability and Security Fund",cssf,87,1,null
CHEKA SANA TANZANIA,cst,1,1,1
Cheshire Services Uganda,csu,1,1,null
Centre Tricontinental - CETRI,ct-admin,5,2,1;2
Child-to-Child,ctc,1,1,1
United Purpose,cu,3,1,1
Doctors with Africa CUAMM,cuamm,1,1,1
CUAMM Trustees,cuammtrustees,1,1,1
Carers Worldwide,cww,1,1,1
Cyan International,cyan,6,2,0;1
Data4Development,d4d,1,1,null
Dorcas Aid International,dai,24,1,1
DAI Europe,dai-e,31,1,1
Damiaanactie / Action Damien,damien-foundation,8,2,1;2
dance4life,dance4life,8,1,1
Commune de Dangbo - Benin,dangbo,1,1,null
"Denmark - Ministry of Foreign Affairs, Danida",danida,15949,2,1;2
Danish Red Cross,danishrc,4,1,1
Danmission,danmission,16,1,1
Development Aid from People to People (DAPP) Malawi,dapp,7,1,1
Dawuro Development Association,dawuro_da,1,1,1
Défi Belgique Afrique,dba,4,2,1;2
Digital Campus,dc,1,1,1
DanChurchAid,dca,10,1,1
Geneva Centre for the Democratic Control of Armed Forces (DCAF),dcaf,6,1,1
D. Capital Partners,dcapitalpartners,9,1,1
Defence for Children International Netherlands - ECPAT Netherlands,dciecpatnl,13,2,1;2
"UK - Department for Digital, Culture, Media and Sport",dcms,4,1,1
Disability and Development Partners,ddp,6,1,1
Disasters Emergency Committee,dec-uk,9,1,1
DECP,decp,59,1,null
"UK - Department for Environment, Food and Rural Affairs",defra_transparency,84,1,1
Delivery Associates Ltd,delivery_associates,9,1,1
Stichting Deltares,deltares,26,1,1
UK – Department for Education,dfe,2,1,1
UK - Department for International Development (DFID),dfid,19663,2,1;2
Danish Family Planning Association,dfpa,1,1,1
Democratic Governance Facility,dgf,3,1,1
Stichting fondsbeheer DGGF lokaal MKB,dggf_financing_local_smes,55,1,1
David Gordon Memorial Hospital,dgmh,1,1,1
Nepal Disabled Human Rights Center,dhrc_nepal,1,1,1
UK - Department of Health and Social Care (DHSC),dhsc,120,2,1;2
Diakonia Sweden,diakonia802017-3517,350,1,null
Developments In Literacy Trust UK,diltuk,1,1,1
Development Initiatives Poverty Research,dipr,87,2,1;null
Department for International Trade,dit,1,1,1
Djapo,djapo,3,2,1;2
DeafKidz International,dki1151219,1,1,1
DKT - (Pakistan),dkt,1,1,1
DKT Ethiopia,dkt_ethiopia,12,1,1
"Discovery Learning Alliance, Inc.",dla,2,1,1
Development Media International,dmi_admin,1,1,1
Dansk Missionråds Udviklingsafdeling,dmru,4,1,1
Drugs for Neglected Diseases initiative,dndi_transparency,13,1,1
Dóchas - Irish Association of Non Governmental Development Organisations,dochas,22,1,1
Development Organisation of the Rural Poor,dorp-org,1,1,null
Doctors of the World UK,dotw_uk,3,1,1
Disabled People's Organisations Denmark,dpod,1,1,1
Direcção Provincial de Saúde de Nampula,dps-nampula,10,1,1
Disability Rights Advocacy Fund,draf,1,1,1
Danish Refugee Council,drc,17,1,1
Disability Rights Fund,drf,1,1,1
Democracy Reporting International gGmbH,dri,1,1,1
University of Kinshasa,dspd_unikin,3,2,1;3000
Desmond Tutu HIV Foundation,dthfxx12,11,1,1
Deloitte Touche Tohmatsu India LLP,dttillp,1,1,1
DUF - The Danish Youth Council,duf,4,1,1
UK - Department for Work and Pensions,dwp,3,1,1
Dynamo International asbl,dynamo_international,3,2,1;2
Energy 4 Impact,e4i,1,1,1
European Bank for Reconstruction and Development,ebrd,745,1,null
Echos Communication,ec,7,2,1;2
European Commission - Directorate-General for International Cooperation and Development,ec-devco,70601,2,1;2
European Commission - Humanitarian Aid & Civil Protection,ec-echo,6029,2,1;2
European Commission - Service for Foreign Policy Instruments,ec-fpi,2214,2,1;2
European Commission - Neighbourhood and Enlargement Negotiations,ec-near,23684,2,1;2
ECDPM,ecdpm,22,1,null
Eclosio,eclosio,11,2,1;2
Ecorys Nederland B.V.,ecorysnl,1,1,null
Ecorys UK,ecuk,4,1,1
Education Development Trust,edt_kenya,8,2,1;null
EDUCATION DEVELOPMENT TRUST - RWANDA,edt_rwanda,1,1,1
Educate!,educate,1,1,1
Edukans Foundation,edukans_foundation,52,1,null
Exeter Ethiopia Link,eel,1,1,1
Entraide et Fraternité,ef_,13,2,1;2
Ethiopian Horticulture Producer Exporters Association (EHPEA),ehpea,1,1,1
European Investment Bank,eib,741,1,null
Enhanced Integrated Framework,eif,169,1,1
European Institute of Peace,eip,6,1,1
Emmanuel International UK,eiuk,1,1,1
European Journalism Centre,ejc,10,1,1
Emissa,emissa,9,1,1
EMMS International,emms,25,1,1
Belgian development agency (Enabel),enabel,993,1,null
Energy Saving Trust,energy_saving_trust,1,1,1
EngenderHealth Ethiopia,engenderhealth_eth,9,1,1
equileap,equileap,1,1,1
Economic and Social Research Foundation (ESRF),esrf,1,1,1
Ethiopiaid UK,ethiopiaiduk,36,1,1
Ethical Trading Initiative,eti,8,1,1
Enfance Tiers Monde Kinderen Derde Wereld,etmkdw,6,2,1;2
EveryChild,evc,2,1,1
Engineers Without Borders Canada,ewb_canada,6,1,1
Excellent Development,excellent,1,1,1
Frontline AIDS,f-aids,19,1,1
Faith to Action Network,f2a,1,1,1
Farm Africa,fa,26,1,1
Family Aids Caring Trust,fact,1,1,1
Fairfood International,fairfood,1,1,1
Fairtrade Belgium,fairtrade_be,4,2,1;2
Fairtrade Labelling Organizations International e.V.,fairtrade_international,1,1,1
Food and Agriculture Organization of the United Nations (FAO),fao,5077,1,null
Fondo Centroamericano de Mujeres,fcam,6,1,1
Family Counseling and Development Foundation,fcdf,1,1,1
Farm Concern International,fci,1,1,1
UK - Foreign & Commonwealth Office,fco,3449,1,null
Freedom Forum,ff,2,1,1
Fauna & Flora International,ffi_publisher,1,1,1
Family Guidance Association of Ethiopia,fgae_ethiopia,4,1,1
Food for the Hungry UK,fh,4,1,1
Fondation Hirondelle,fh_ch,3,1,1
The Fred Hollows Foundation (UK),fhfuk,1,1,1
FHI360,fhi360,3,1,1
Fiabel,fiabel,6,2,1;2
FIAN Belgium,fian-belgium,5,2,1;2
Federation of Women Lawyers Kenya,fida,1,1,null
50 Eight Limited,fifty_eight,1,1,1
International Indigenous Women Forum,fimi_iiwf_2019,3,1,1
Canada Department of Finance / Ministère des Finances Canada,finance_canada,0,0,
Finland - Ministry for Foreign Affairs,finland_mfa,18547,2,1;null
Fundo de Investimento e Patrimonio do Abastecimento de Água (FIPAG),fipag,1,1,1
Family Life Education Program,flepuganda,1,1,null
Forests Monitor,fm,0,0,
FMO,fmo,262,1,null
Fundación Fondo Mujeres del Sur,fms,5,1,1
Germany - Federal Foreign Office,fo_germany,3387,1,null
Friends of the Earth-Ghana,foe-ghana,1,1,1
"Friends of the Earth England, Wales and Northern Ireland",foe_ewni,1,1,1
Friends of the Earth International,foei,3,1,1
Milieudefensie,foenl,15,1,1
Multilateral Investment Fund,fomin,466,1,null
FONCABA ASBL KBA VZW,foncaba,5,2,1;2
Fonds voor Ontwikkelingssamenwerking - Socialistische Solidariteit VZW,fos,15,2,1;2
The Foundation Center,foundation_center,1387,1,null
France - Ministry for Europe and Foreign Affairs,france,2159,1,null
FRANK Water,frankwater,2,1,1
Free Press Unlimited,free_press_unlimited,28,1,1
Free a Girl,freeagirl,6,2,1;2
Friends of Publish What You Fund,friendsofpwyf,3,1,1
Feed the Minds,ftm-291333,3,1,1
Forum Universitaire pour la Coopération Internationale au Développement -FUCID ASBL,fucid,6,2,1;2
Fundacion Acceso,fundacion-acceso,1,1,1
Fair Wear Foundation,fwf,15,1,1
Find Your Feet,fyf,5,1,1
Viva Salud,g3w-m3m_admin,9,2,1;2
Canada - Global Affairs Canada | Affaires mondiales Canada,gac-amc,5020,1,1
The Global Alliance for Improved Nutrition,gain,1599,1,1
Global Action Nepal,gan,1,1,null
"Gavi, the vaccine alliance",gavi,919,2,1;2
British Red Cross,gb-chc-220949,169,1,null
"The Global Development Incubator, Inc",gdi,1,1,1
Girls’ Education Challenge – Fund Manager PwC,gecfundmanagerpwc,31,3,1;2;null
GEF Secretariat,gef,4,1,1
GEOMOUN ASBL,geomoun,5,2,1;2
Global Fund to End Modern Slavery,gfems,1,1,1
Global Green Growth Institute (GGGI),gggi,78,1,1
Johns Hopkins University,gi-jhu,1,1,1
Geneva International Centre for Humanitarian Demining,gichd,7,1,1
Global Innovation Fund,gif,43,1,1
Girls Not Brides: The Global Partnership to End Child Marriage,girlsnotbrides,1,1,1
Giro555 (Stichting Samenwerkende Hulporganisaties),giro555,2,1,1
GiveDirectly,givedirectly,1,1,1
Gender Links,gl,12,1,1
Global Canopy,globalcanopy,1,1,1
GlobalGiving.org,globalgiving,17854,1,null
Global Focus,globaltfokus,2,1,1
Global Network of People Living with HIV (GNP+),gnpplus,8,1,1
GOAL,goal,6,1,1
GOGLA - Global Off-Grid Lighting Association,gogla,1,1,1
Global Partnership for Education,gpe,120,1,null
GPPAC Foundation,gppac,12,2,1;2
Groupe Pivot Santé Population,gpsp-org,2,1,null
Global Rights Compliance,grc2018,12,1,1
Grow Movement,growmovement_admin,2,1,1
Gulu University,guluuni,1,1,1
Guttmacher Institute,guttmacher,1,1,2
Heartland Alliance International,ha-i,1,1,1
Hagar International UK,hagar_uk,1,1,1
Stichting Health Action International,hai,8,1,1
The HALO Trust,halo,13,1,1
Hand in Hand International,handinhand,1,1,1
Hospice Africa Ltd,hauk,2,1,1
Centre for Humanitarian Dialogue (HD Centre),hdcentre,2,1,1
HealthNet TPO,healthnet,2,1,1
DAI Global Health,healthpartners-international,7,1,1
HE Foundation,hefoundation,1,1,1
Heifer Nederland,heifernederland,15,1,1
HelpAge International,helpage_international,385,1,null
The William and Flora Hewlett Foundation,hewlett-foundation,2618,1,null
Hope for Children,hfc,1,1,1
Haiti Hospital Appeal,hha,1,1,1
Hope and Homes for Children,hhc,3,1,1
Homeless International,hi,10,2,1;null
Handicap International Federation,hi_fed,1,1,1
Handicap International Belgique,hib,23,2,1;2
Health Insurance Fund,hif,2,1,1
HiiL innovating Justice,hiil_mfa,12,1,1
Handicap International UK,hiuk,28,1,1
HM Treasury,hmtfitb,7,1,1
UK - Home Office,homeoffice,6,1,1
Horizons for Green Development,horizons,1,1,1
HealthProm,hp_12,2,1,1
Health Poverty Action,hpa,9,2,0;null
Humanitarian Quality Assurance Initiative,hqai,1,1,1
Human Relief Foundation,hrf,2,1,1
Healthright International-Kenya,hri,8,1,1
Heifer International South Africa,hsa,1,1,1
Helvetas Swiss Intercooperation,hsi,3,2,1;2
HTSPE,htspe,2,1,1
Stichting Humana,humana_houben,16,1,1
Hilfswerk Austria Zimbabwe,hwa-zm,1,1,1
InterAction's NGO Aid Map,ia_nam,12272,1,null
Inter-American Development Bank,iadb,1441,1,null
International Aids Vaccine Initiative (IAVI),iavi,0,0,
International Bureau of Fiscal Documentation (IBFD),ibfd,28,1,1
Oxfam IBIS,ibis_denmark,26,1,1
ICA:UK,icauk,1,1,1
ICCO Cooperation,icco-cooperation,419,2,1;2
International Child Development Initiatives,icdi,6,1,null
ICF Consulting Services Ltd,icf,7,1,1
International Centre of Insect Physiology and Ecology (icipe),icipe,30,1,1
InterClimate Network,icn,1,1,null
International Center for Not-for-Profit Law,icnl_org,5,1,null
World Agroforestry Centre,icraf_,1,1,null
International Committee of the Red Cross (ICRC),icrc,206,1,null
ICS,ics,45,1,null
International Center for Transitional Justice,ictj,0,0,
International Council of Voluntary Agencies,icva,1,1,1
iDE,ide,6,1,1
International IDEA,idea,212,1,1
IDEO.org,ideo_org,2,1,1
"IDH, the Sustainable Trade Initiative",idh,31,1,1
INTOSAI Development Initiative,idi,8,2,1;2
IDinsight,idinsight,3,1,1
International Development Law Organization (IDLO),idlo,186,1,1
Iles de Paix,idp,8,2,1;2
Canada - International Development Research Centre/Centre de recherches pour le développement international,idrccrdi,8231,1,null
Institute of Development Studies,ids,17,1,1
"Iringa Development of Youth, Disabled and Children Care",idydc,2,1,1
Internews Europe,ieu,6,1,1
International Federation of Accountants,ifac,14,1,1
International Fund for Agricultural Development (IFAD),ifad,1134,1,null
Commune de Ifangni - Bénin,ifangni,1,1,null
International Finance Corporation,ifcwbg,5271,1,null
International Fertilizer Development Center,ifdc-us,4,1,1
IFOAM - Organics International,ifoam,48,1,1
International Federation of the Red Cross and Red Crescent (IFRC),ifrcrcs,3181,1,1
Institut de Formation Syndical International - Internationaal Syndicaal Vormingsinstituut,ifsi_isvi,17,2,1;2
IHE Delft Institute for Water Education,ihedelft,1,1,1
Index Initiative Foundation,iif,1,1,1
Institute for International Workers Education,iiwe,5,2,1;2
International Labour Organization (ILO),ilo,6434,1,1
International Medical Corps UK,imc_uk,6,2,1;2
IMC WORLDWIDE,imcw_admin,132,2,1;null
IMD Moçambique,imdmozambique,3,1,1
International Monetary Fund,imf,42,1,1
International Media Support,ims,1,1,1
International Network for Advancing Science and Policy,inasp,1,1,1
International Network for Bamboo and Rattan (INBAR),inbar,20,1,1
Indigo Trust,indtrust,249,1,null
"Institut National de l'Eau, Benin",ine_benin,1,1,null
International Network of People who Use Drugs (INPUD),inpud_admin,5,1,1
International NGO Safety Orgnisation,inso,4,1,1
Instiglio,instiglio,2,1,1
Integrity Research and Consultancy Ltd,integrity,4,1,1
Integrity Action,integrity_action,52,1,1
InterAction,interaction,41,1,null
interburns,interburns,2,1,1
International Alert,international-alert,146,1,1
Interpeace,interpeace,3,1,null
INTRAC,intrac,1,1,1
IntraHealth International,intrahealth,1,1,null
IOD PARC,iodparc,6,1,1
International Organization for Migration (IOM),iom,1350,1,null
iPartner India,ip-india,1,1,1
International Procurement Agency,ipa,16,1,1
Panos Institute West Africa (PIWA),ipao,33,1,1
Ipas,ipas,5,1,1
Irrawaddy Policy Exchange,ipe,1,1,1
IPE Global Limited,ipeglobal,4,1,1
International Planned Parenthood Federation,ippf,36,1,1
Iraq Foundation,iraq_foundation,4,1,1
IRC,irc,7,1,null
The International Rescue Committee,irc_inc,86,1,1
International Rescue Committee UK,irc_uk,79,1,1
IREX (International Research and Exchange Board),irex,7,1,1
Irise International,irise_int,1,1,1
Ireland - Department of Foreign Affairs and Trade,irishaid,9888,4,0;1;2;null
Islamic Relief Worldwide,irw,16,1,0
Institute for Security Studies,issafrica,1,1,null
Itad,itad,7,1,1
International Trade Centre (ITC),itc,56,1,null
ITECO - Centre de formation pour le développement,iteco,4,2,1;2
Institute of Tropical Medicine,itm,17,2,1;2
International Treatment Preparedness Coalition (ITPC),itpc,5,1,2
International Union for Conservation of Nature and Natural Resources,iucn,7,2,1;null
IUCN Nederlands Comité,iucn_nl,34,1,null
Impunity Watch,iw_admin,1,1,1
International Women's Development Agency,iwda,7,1,1
Institute for War & Peace Reporting,iwpr,9,1,1
Interact Worldwide,iww_publish,4,1,1
International Youth Alliance for Family Planning,iyafp,1,1,1
Just Associates,jass,13,1,1
Jeevika Trust,jeevika_trust,1,1,1
Japan International Cooperation Agency (JICA),jica,44522,1,null
Joshua Orphan and Community Care,jocc_uk,1,1,1
Kadaster International,kad,5,1,1
Karuna Trust,karuna,2,1,1
I Choose Life Africa,ke-ngc-3372,1,1,1
Kepa ry,kepa,5,2,1;2
Kenya Private Sector Alliance,kepsa,1,1,1
Kesho Kenya,kesho_kenya,1,1,1
Commune de Kétou - Bénin,ketou,1,1,null
kidasha,kidasha,1,1,1
King's College London,kingscollegelondon,1,1,1
Friends of Kipkelion,kipkelion,1,1,1
Royal Tropical Institute,kit,9,1,1
KIYO,kiyo,11,2,1;2
Commune de Klouékanmè - Bénin,klouekanme,1,1,null
Kisumu Medical and Education Trust,kmet,1,1,null
Karuna Mission Social Solidarity - KMSS,kmss,1,1,1
Kenya National Commission on Human Rights,knchr,2,1,1
Koninklijk Nederlands Meteorologisch Instituut,knmi,1,1,1
Kwame Nkrumah University of Science and Technology,knust,1,1,1
Royal Netherlands Football Association,knvb,1,1,1
KPMG East Africa,kpmgea,3,1,1
KPMG LLP,kpmgllp,1,1,1
Commune de Kpomassè - Bénin,kpomasse,1,1,null
King Salman Humanitarian Aid and Relief Centre,ksrelief291,452,1,1
KwaAfrica,kwaafrica,1,1,1
The Legal Aid Forum,laf,2,1,1
Commune de Lalo - Bénin,lalo,1,1,null
Landell Mills,landell-mills,5,1,1
Larive International,larive,1,1,1
The Louis Berger Group Inc.,lbg,1,1,1
Louvain Coopération,lc,20,2,1;2
Leonard Cheshire Disability,lcd_admin,7,1,1
Link Community Development International,lcdi_admin,3,1,1
Link Community Development Scotland,lcds,1,1,1
Local Development and Small Projects Support,ldsps,13,1,1
LEAD International,lead_international,1,1,1
Learning for Life,learningforlife,1,1,1
University of Leeds,leedsuni,1,1,1
Lepra,lepra,35,1,1
Light For The World Belgium,lftw-be,7,2,1;2
LIGHT FOR THE WORLD The Netherlands,lftwnl,1,1,null
LAMB Health Care Foundation,lhcf,1,1,1
YMCA of Liberia,libymca,1,1,1
"Lithuania, Ministry of Foreign Affairs",lithuania_mfa,1077,1,null
Lively Minds,livelyminds,1,1,1
Living Earth Foundation,livingearth12,11,1,null
LIWA programme trust,liwa-admin,1,1,1
Danish Trade Union Development Agency (Ulandssekretariatet),loftf,1,1,1
living peace institute,lpi,1,1,1
Liverpool School of Tropical Medicine,lstm,3,1,1
LTS International Limited,lts,22,1,1
mothers2mothers,m2m_sa,2,1,1
Mzumbe University,m_u,4,1,1
Spain - Ministry of Foreign Affairs and Cooperation,maec,37906,1,null
MAG,mag,17,2,1;2
Magariro,magariro,0,0,
The Mailman School of Public Health,mailman_school_of_public_health,1,1,1
Mainline,mainline,11,1,2
Makerere University School of Public Health,maksph,1,1,1
Malaria Consortium,malariaconsortium,284,2,1;2
Mama Cash,mamac,36,1,1
MAMTA - Health Institute for Mother and Child,mamta_himc,1,1,1
MannionDaniels,manniondaniels,78,3,1;2;null
MapAction,mapaction,3,2,1;2
marysmeals,marysmeals,2,1,1
Mastercard Foundation,mastercard-foundation,0,0,
Max Foundation,max-foundation,1,1,1
Stichting Mayday Rescue Foundation,maydayrescue,2,1,1
Mercy Corps Europe,mce,37,1,1
Mercy Corps Global,mcg,1,1,1
McKinsey & Company,mck,9,1,1
Mercy Corps Netherlands,mcn,2,1,1
MDF Global,mdf,4,1,null
Medecins du Monde France,mdm-fr,1,1,1
Medair,medair,1,1,1
Medecins du Monde Belgique - Dokters van de Wereld Belgïe,medecins,9,2,1;2
Ministère de l'Economie et des Finances du Bénin,mefbenin,2,1,null
Memisa,memisa,9,2,1;2
New Zealand - Ministry of Foreign Affairs and Trade - New Zealand Aid Programme,mfat,1821,1,1
GEMS Education Solutions,mgcubed,1,1,1
Micro Insurance Academy,mia_india,1,1,1
MICAIA,mic-uk,2,1,1
MADE in Europe,mie-1134415,1,1,1
Mifumi UK,mifumi_uk,1,1,1
Millennium Challenge Corporation,millenniumchallenge,3552,3,1;2;3
Netherlands - Ministry of Foreign Affairs,minbuza_nl,8354,1,1
Mission Øst,missioneast,3,1,null
MicroLoan Foundation,mlf,1,1,1
Mensen met een Missie,mm1,6,1,1
Mulanje Mission Hospital,mmh,1,1,1
Miel Maya Honing asbl,mmha,8,2,1;2
Mott MacDonald Limited,mml,4,1,1
Musalaha Ministry of Reconciliation,mmr_admin2,1,1,1
Ministry of Foreign Affairs of  Japan,mofa-jpn,300,1,1
Ministry of Foreign Affairs - United Arab Emirates (UAE),mofaic_uae,2,1,1
Le Monde selon les femmes asbl,mondefemmes,9,2,1;2
Mondiaal FNV,mondiaalfnv,14,1,1
Motivation,motivation,4,1,1
UK - Medical Research Council,mrc,187,1,null
"Medical Research Centre (MRC), Sierra Leone",mrc-sierra-leone,1,1,1
Meningitis Research Foundation,mrf,1,1,1
Minority Rights Group,mrg,2,1,1
Marie Stopes International,msi,19,1,1
The Global Forum on MSM & HIV (MSMGF),msmgf,6,1,2
Maxwell Stamp PLC,mstamp,9,1,1
Médecins Sans Vacances,msv,6,2,1;2
Mukisa Foundation,mukisa_foundation,1,1,1
Muslim Aid,muslimaid,1,1,1
MVO Nederland,mvo_nederland,17,1,1
Mwatana for Human Rights,mwatana,1,1,1
Environmental Centre for Oil Spills and Gas Flaring (NACGOND),nacgond-,14,1,1
"Namati, Inc",namati_inc,2,1,null
Nathan Associates London Ltd.,nathan,11,1,1
Netherlands Commission for Environmental Assessment,ncea,33,1,2
National Coalition of Human Rights Defenders - Kenya,nchrdk,1,1,1
Niger Delta Stakeholders Initiative for Community Development and Empowerment,ndsicde,2,1,1
Network For Enterprise Enhancement and Development Support,needs,1,1,null
Neem Foundation,neem,1,1,1
Near East Foundation UK (NEF UK),nef-uk,1,1,1
Near East Foundation Mali (NEF Mali),nef_mali,1,1,null
Near East Foundation (NEF USA),nef_usa,1,1,1
Network for Africa,network4africa,1,1,1
NGO Federation of Nepal,nfn,1,1,1
Ngo-federatie (Vlaamse federatie van ngo's voor ontwikkelingssamenwerking),ngo-federatie,6,2,1;2
Netherlands Institute for Multiparty Democracy (NIMD),nimd-hq,112,1,null
Aidsfonds - Soa Aids Nederland,nl-kvk-41207989,170,1,null
CNV Internationaal,nl-kvk-54436222-27541,32,1,null
Netherlands Leprosy Relief,nlr,1,1,null
Netherlands Red Cross,nlrc,772,2,1;2
NKHOMA MISSION HOSPITAL,nmhiati,1,1,1
Northern Network for Education Development,nned,5,1,1
Nepal Netra Jyoti Sangh,nnjs_nepal,1,1,1
Norad - Norwegian Agency for Development Cooperation,norad,3932,1,null
Norwegian People's Aid,npa,7,1,1
"NpM, Platform for Inclusive Finance",npm,1,1,1
Nonviolent Peaceforce South Sudan,npss,42,1,1
Norwegian Refugee Council,nrc,184,2,1;null
Natural Resource Governance Institute (NRGI),nrgi,1,1,null
"Natural Resources Institute, University of Greenwich.",nri,4,1,1
Northern Rangelands Trust,nrt-kenya,6,1,1
Netherlands Space Office,nso,24,1,null
Global Network of Sex Work Projects (NSWP),nswp,2,1,2
Nuffic,nuffic20171017,333,2,1;2
Nutrition International,nutritionintl,1,1,1
Netherlands Organisation for Scientific Research (NWO),nwo,3,1,1
Oxfam Australia,oau,50,1,1
Republic of Korea,odakorea,4709,1,1
Overseas Development Institute,odi,19,1,1
ODI Sales Limited,odi_sales_ltd,11,1,1
OECD,oecd,1,1,1
The OPEC Fund for International Development (OFID),ofid,1432,1,null
Opportunity International Savings and Loans Ltd,oisl_gh,1,1,1
Okapi Consulting,okapiconsulting,1,1,1533000
Oxfam-Magasins du monde (omdm),omdm,5,2,1;2
Omidyar Network Fund Inc.,omidyarnetwork,197,1,null
One Acre Fund,oneacrefund,9,1,1
One to One Children's Fund,onetoonecf,1,1,1
Oxfam Novib,onl,5291,2,1;2
The Open University,open_university,13,1,1
openmindedly,openmindedly,2077,1,null
OpenNorth,opennorth,1,1,1
Oxford Policy Management,opml,27,1,1
Opportunity International UK,opportunity-international-uk,7,1,1
Options Consultancy Services,options,15,1,1
Orbis Africa,orbis_africa,1,1,1
Orbis Ethiopia,orbis_ethiopia,1,1,1
Orbis International,orbis_international,3,1,1
Orbis Charitable Trust,orbis_uk,3,1,1
Fundación Oriéntame,orientame,1,1,1
Oxfam Wereldwinkels,oww,3,2,1;2
Oxfam GB,oxfamgb,3252,1,null
Oxfam India,oxfamindia,1,1,1
Oxfam Intermón,oxfamintermon,74,1,1
Oxfam America,oxfamus,357,3,02;1;2
The University of Oxford,oxford,1,1,1
Oxfam Solidarité-Solidariteit,oxsol,14,2,1;2
One Young World,oyw,6,1,1
Practical Action,pa,727,1,1
Palliative Care Association of Malawi,pacam,1,1,1
Pact,pact,0,0,
The Princess Alia Foundation,paf_2018,6,1,1
Palladium International Ltd (UK),palladium,36,1,1
Palladium Europe,palladium_eur,0,0,
Commune de Parakou - Bénin,parakou,1,1,null
partos,partos_nl,9,1,1
Partnership for African Social & Governance Research (PASGR),pasgr,2,1,1
PAX,pax,84,1,null
DNH Mali (Direction Nationale de l’Hydraulique du Mali),pca-gire,2,1,null
Prince Claus Fund,pcf,91,1,null
Palliative Care Support Trust,pcst,2,1,1
Peace Direct,peacedirect,1,1,1
PEAS (Promoting Equality in African Schools),peas,3,1,1
People In Aid,peopleinaid,1,1,1
Pastoralist Girls Initiative,pgi_kenya,1,1,1
PHASE Nepal,phase-nepal,0,0,
PHASE Worldwide,phase_worldwide,4,1,1
Project Harar,phe,1,1,1
Plan International Belgium,pib,14,2,1;2
Private Infrastructure Development Group,pidg,11,1,1
People in Need,pin,1363,1,1
Plataforma Moçambicana da Água (PLAMA),plama,1,1,1
Plan Ireland Charitable Assistance Limited,plan_ireland,1,1,1
Plan International UK,plan_uk,225,2,0;1
Plan International USA,plan_usa,19,1,1
Plan International Finland,planinternationalfinland,25,2,1;null
Plan International Netherlands,plannlno,130,1,null
PlanBørnefonden,plb,1,1,1
Population Media Center,pmc,1,1,1
Promundo-US,pmo-us,3,1,1
Commune de Pobè - Bénin,pobe,1,1,null
PONT,pont,1,1,1
Pontis Foundation,pontis,15,1,1
"The Population Council, Inc.",populationcouncil,3,1,1
PositiveNegatives,posneg,1,1,1
Power International,power,1,1,null
PRACTICA Foundation,practica,7,1,1
Pragya India,pragya,1,1,1
Protecting Families Against HIV/AIDS,prefa_1,2,1,1
Penal Reform International,pri,7,1,1
PRI Association,pri_icf,1,1,1
Progressio,progressio,10,1,1
Centro de Promocion y Defensa de los Derechos Sexuales y Reproductivos,promsex,1,1,1
Cross-Government Prosperity Fund,prosperityfund,27,1,null
Protos,protos,13,2,1;2
Population Service International,psi,11,1,1
Population Services Kenya,pskenya_19,12,1,1
Population Services and Training Centre (PSTC),pstc_1102,1,1,1
PUM Netherlands,pumnl,1,1,1
Pump Aid,pumpaid,2,1,1
PwC,pwc,6,1,1
PricewaterhouseCoopers Private Limited India,pwcplindia,13,1,1
Publish What You Fund,pwyf,3,1,null
The Queen Elizabeth Diamond Jubilee Trust,qedjt,14,1,1
Queen Rania Foundation for Education and Development,qrfed,60,1,1
Quinoa,quinoa,5,2,1;2
Results for Development,r4d,1,1,1
Reach A Hand Uganda,rahuug,0,0,
Rainforest Alliance,rainforest-alliance,4,1,1
RAIN Foundation (former),rainfoundation,113,1,1
Regional Advisory Information and Network Systems,rains,1,1,1
Raleigh International,raleigh_int,2,1,1
Railway Children,rc,6,1,1
Railway Children Africa,rc2africa,1,1,1
Rotary Clubs For Development,rc4d,5,2,1;2
Royal Commonwealth Ex-Sevices League,rcel,1,1,1
Royal College of General Practitioners (RCGP),rcgp-international,1,1,1
RCN Justice & Démocratie,rcn,12,2,1;2
Royal College of Obstetricians & Gynaecologists,rcog_resilience_in_obstetric_skills,1,1,1
"Rehabilitation, Education and Community Health (REACH)",reach-iraq,2,1,1
Save the Children DK,redbarnet,2,1,1
Stichting Red een Kind,redeenkind,1,1,1
Resource Extraction Monitoring,rem,4,1,2
Resilience,resilience,2,1,1
Restless Development,restless,13,1,1
Retrak,retrak,0,0,
Rahnuma-Family Planning Assocation of Pakistan,rfpap,2,1,1
Rainforest Foundation UK,rfuk,2,1,1
Relief International UK,ri-uk,2,1,1
Relief International - Somalia,ri_kenya,1,1,1
Rikolto,rikolto,13,1,2
Rikolto in Belgium,rikolto_belgium,3,2,1;2
Rode Kruis-Vlaanderen Internationaal vzw,rkiv,17,1,1
Responsible Mining Foundation,rmf,0,0,
Rene Moawad Foundation,rmf-lb,1,1,1
Royal National Lifeboat Institution (RNLI),rnli_international,1,1,1
Rojiroti UK,rojiroti,1,1,1
Royal Society for the Protection of Birds,rspb_,1,1,1
Right to Play Netherlands Foundation,rtp,1,1,1
RUAF Foundation,ruaf,4,1,1
Rutgers,rutgers,38,1,1
Netherlands Enterprise Agency,rvo,3098,2,1;2
Send a Cow Kenya,sac_kenya,1,1,1
Southern African Catholic Bishops' Conference Aids Office,sacbc,1,1,1
Send a Cow Ethiopia,sacethiopia,3,1,1
Send a Cow Uganda,sacu,1,1,1
Saferworld,saferworld,97,1,1
The Salvation Army International Development UK,said-uk,1,1,1
Small Arms Survey,sas_sana,1,1,1
Savana Signatures,savsign-org,1,1,null
South Asian Women Development Forum,sawdf-admin,2,1,1
SECOURS CATHOLIQUE - CARITAS FRANCE,sccf,349,1,null
Save the Children International,sci,1052,1,null
Scottish Catholic International Aid Fund (SCIAF),sciaf,4,1,1
SCI Projets Internationaux ASBL_Service Civil International branche belge,scibelgium,4,2,1;2
Syrian Center for Media and Freedom of Expression,scm,4,1,1
Save the Children Netherlands,scnl,69,2,1;2
UK - Scottish Government,scottish_government,119,1,1
Sabre Education Limited,sct,2,1,1
Save the Children UK,scuk,1359,1,null
Switzerland - Swiss Agency for Development and Cooperation (SDC),sdc_ch,22314,1,null
Social Development Direct Limited,sddirect,7,1,1
Stakeholder Democracy Network,sdn,1,1,1
Seefar,seefar,2,1,1
Sehat Kahani (Community Innovation Hub),sehatkahanicih,1,1,1
Self Help Africa,self-help-africa,107,1,null
Send a Cow,sendacow,11,1,1
Sense International,sense_international,5,1,1
Search for Common Ground (SFCG),sfcg,8,1,1
"Social Fund for Development, Yemen",sfd-yemen,163,2,1;2
Studio Globo,sg,3,2,1;2
Sensorial Handicap Cooperation,shc,4,2,1;2
ShelterBox,shelterbox,0,0,
Shift Project Ltd.,shiftproject,9,1,1
Special Hope Network,shn,1,1,1
Shtrii Shakti,shtrii_shakti,0,0,
StreetInvest,si,1,1,null
"Sweden, through Swedish International Development Cooperation Agency (Sida)",sida,86596,1,1
Signal,signal,1,1,1
Silsab Foundation,silsab1-_,1,1,1
Simavi,simavi,32,2,2;null
Social Impact Lab CIC,simlab,2,1,1
Sympany+,simone_sympany,2,1,1
Simprints,simprints,1,1,1
Scotland's International Development Alliance,sinda,1,1,1
Siren Associates,siren,1,1,1
Stockholm International Water Institute,siwi,1,1,1
Sonke Gender Justice,sjg,2,1,1
Stichting Kinderpostzegels Nederland,skn,5,1,null
Stichting Liliane Fonds,slf,2,1,null
Ministry of Foreign and European Affairs of the Slovak Republic,slovakaid,2125,1,1
SNV Netherlands Development Organisation,snv,104,2,1;null
SolarNow Services (U) Ltd,solarnowsofa,1,1,1
Solidagro,solidagro_admin,11,2,1;2
Solidaridad,solidaridad,105,1,null
Solidaridad Europe,solidaridad-europe,43,1,null
Solidaridad South & South-East Asia,solidaridad-ssea,29,1,null
Solidaridad West Africa,solidaridad-waf,17,1,null
Solsoc,solsoc,13,2,1;2
Stichting Onderzoek Multinationale Ondernemingen (SOMO),somo,8,1,null
Société Nationale des eaux du Bénin (SONEB),soneb-benin,2,1,null
SOS Children's Villages Kenya,soscvkenya,1,1,null
SOS FAIM - SOS HUNGER,sosfaim,11,2,1;2
SOS Children's Villages The Netherlands,sosnl,11,1,3
SOS Sahel International UK,sossaheluk,1,1,1
Sound Seekers Limited,soundseekers,1,1,1
SPARK,spark,118,1,1
Samaritan's Purse UK,spuk,3,1,1
Leaders of Tomorrow,sqf,1,1,1
Syria Relief,sr,1,1,1
Sightsavers,ss-org,730,1,null
SouthSouthNorth,ssn,4,2,1;2
Stichting Vluchteling,st_vluchteling,47,1,1
Support Trust for Africa Development (STAD),stad,1,1,2
Stars Foundation,starsfoundation,1,1,1
STC International,stc-international,1,1,1
Stichting Beheer Subsidiegelden DRA,stichting-subsidiegelden-dra,0,0,
Hivos,stichting_hivos,29,1,null
Street Child,street_child,8,1,1
Stromme Foundation,stromme_ug,2,1,1
Survivors Fund (SURF),surf,3,1,1
SOS Kinderdorpen België / SOS Villages d'Enfants Belgique,svdbskb_admin,4,2,1;2
Social Watch Benin,swb_1,2,1,null
The Asia Foundation,taf,201,1,1
Teach A Man To Fish,tamtf,1,1,1
Trust for Africa's Orphans,tao-03473165,1,1,1
Target TB,targettb,2,1,1
Global Alliance for TB Drug Development,tb-a,2,1,1
TB Alert,tbalert,3,1,1
Tropenbos International,tbi,21,1,1
The Coca-Cola Export Corporation,tccec,1,1,1
Terre des hommes- Aide à l'enfance dans le monde- Fondation,tdh_foundation,1,1,1
Terre des Hommes Netherlands,tdh_nl,273,2,1;2
TEAR fund Nederland,tear,93,1,null
Tearfund,tearfund,11,2,0;1
Theatre for a Change UK,tfac,1,1,1
Theatre for a Change Malawi,tfacmalawi,1,1,1
Tearfund VZW (TFBE),tfb_admin1,4,2,1;2
Triangle Génération Humanitaire,tgh,1,1,1
The MENTOR Initiative,the_mentor_initiative,2,1,1
The Power of Nutrition,the_power_of_nutrition,14,1,1
The Freedom Fund,thefreedomfund,0,0,
"The Global Fund to Fight AIDS, Tuberculosis and Malaria",theglobalfund,1468,1,1
The International Children's Trust,theict,3,2,1;null
The Hunger Project Netherlands,thp_org,7,1,null
Transparency International UK,ti-uk,4,1,1
Transparency International Kenya,ti_kenya,2,1,1
Transparency International Bangladesh,tib,24,1,null
Trust for Indigenous Culture and Health,ticah,1,1,1
Timidria,timidria,1,1,1
Tameer-e-Khalaq Foundation,tkf1234,1,1,1
The Leprosy Mission England and Wales,tlmew,5,1,1
TradeMark East Africa,tmea,92,1,1
Transnational Institute,tni,4,1,1
TechnoServe,tns,3,1,1
Commune de Toffo - Bénin,toffo,1,1,null
Commune de Toviklin - Bénin,toviklin,1,1,null
Traidcraft Exchange,traidcraft,6,2,0;1
transforma,transforma,2,1,1
Transparency International Secretariat,transparency-international,58,2,1;null
TREE AID,treea,2,1,1
Trianglen,trianglen,44,1,1
Trias,trias,16,2,1;2
Triple Line,tripleline_crownagents,113,2,1;2
Trocaire (Northern Ireland),troc,5,1,null
Trocaire,trocaire,5,1,null
Tropical Health and Education Trust,tropicalhealth,21,1,1
Twaweza,twaweza,34,1,1
Twin,twin-iati,3,2,0;null
Urgent Action Fund for Women's Human Rights,uaf,5,1,1
Urgent Action Fund-Africa,uaf-africa,8,1,1
Urgent Action Fund Latin America and the Caribbean,uafla,9,1,1
Romania Ministry of Foreign Affairs,uasd,0,0,
Union of Agricultural Work Committees,uawc,0,0,
Unicef Belgium National Committee,ub,5,2,1;2
University College London,ucl,1,1,1
Universitair Centrum voor Ontwikkelingssamenwerking,ucos,3,2,1;2
"The University of Dodoma (UDOM), Tanzania",udom,1,1,1
United Disabled Persons of Kenya,udpk,1,1,null
UHAI EASHRI,uhai-eashri,4,1,1
UK - Ministry of Defence,ukmod,43,2,1;null
ULB-Coopération,ulbcoop,11,2,1;2
Chama cha Uzazi na Malezi Bora Tanzania (UMATI),umati,2,1,null
United Mission to Nepal,umn,1,1,1
Uganda Martyrs University,umu,1,1,1
United Nations Environment Programme (UNEP),un-environment,13,1,null
United Nations Joint Programme on HIV and AIDS Secretariat (UNAIDS),unaids,1652,1,1
International Service,unais,13,1,1
United Nations Capital Development Fund,uncdf,225,1,1
United Nations Development Programme (UNDP),undp,12922,2,1;2
"United Nations Educational, Scientific and Cultural Organization (UNESCO)",unesco,4327,1,null
United Nations Foundation,unf,6,1,1
United Nations Population Fund,unfpa,5391,1,1
UN Global Compact Local Network UK,ungc-uk,1,1,1
UN-Habitat,unhabitat,0,0,
United Nations High Commissioner for Refugees (UNHCR),unhcr,688,3,1;2;3
University of Nottingham,uni_of_nottingham,1,1,1
United Nations Children's Fund (UNICEF),unicef,13329,1,1
UNICEF Netherlands National Committee,unicefnl,13,1,null
United Nations Industrial Development Organization (UNIDO),unido,2548,1,1
United Work,united_work,3,1,1
United States,unitedstates,261451,2,1;null
Universiteit Leiden,universiteit_leiden,2,1,1
University of Birmingham (Governance and Social Development Resource Centre),universityofbirmingham_gsdrc,1,1,1
United Nations Office for the Coordination of Humanitarian Affairs (OCHA),unocha,155,1,null
OCHA Country Based Pooled Funds,unocha-cbpf,6880,2,1;2
United Nations Office for the Coordination of Humanitarian Affairs (Specially-Designated Contributions),unocha-sdc,4,1,1
United Nations Office for Project Services (UNOPS),unops,1028,1,1
UN Pooled Funds,unpf,6421,2,1;2
The United Nations Relief and Works Agency for Palestine Refugees in the Near East (UNRWA),unrwa,681,2,1;2
UN Women,unw,1012,1,1
University of Dundee,uodcepmlp,1,1,1
The University of Manchester,uom,3,1,1
Upper Quartile,uq,8,1,1
IMA World Health,us-imawh,1,1,1
United States Agency for International Development (USAID),usaid,40053,1,1
UNITAID,utd,88,1,1
University Twente,utwente,1,1,1
UTZ,utz,133,2,1;null
University of Amsterdam,uva_org,13,2,1;null
Union des Villes et Communes de Wallonie (UVCW),uvcw,6,2,1;2
Unie van Waterschappen,uvw,18,1,1
UWEZO Youth Empowerment,uwezo_youth_empowerment,2,1,1
Vision Aid Overseas,vao,1,1,1
Varkey Foundation,varkeyfoundation,25,1,1
VEI (Vitens-Evides International),vei_nl,27,1,1
Vision for a Nation Foundation,vfan,1,1,1
VisionFund International,vfi,1,1,1
Voluntary Health Association of India,vhai-org,1,1,null
VIA Don Bosco,via-db,14,2,1;2
Village Enterprise,villageenterprise,2,1,1
Village Water Ltd,villagewater,1,1,1
Viva,viva,1,1,1
Vlaamse Interuniversitaire Raad voor Universitaire Ontwikkelingssamenwerking (VLIR-UOS),vlir-uos,26,2,1;2
VNG International,vngi,15,3,1;2;null
VETERINAIRES SANS FRONTIERES / DIERENARTSEN ZONDER GRENZEN - BELGIUM,vsfbelgium,10,2,1;2
Voluntary Service Overseas (VSO),vso,47,2,1;null
VVOB Education for Development,vvob,16,2,1;2
VVSG - Vereniging van Vlaamse Steden en Gemeenten,vvsg,15,2,1;2
Stichting Woord en Daad,w-d,8,1,null
Water for People,w4p,26,1,1
Women's Refugee Commission,w_r_c,6,1,1
World Association for Christian Communication (UK),wacc-uk,1,1,1
Women's Action Group,wag-1983,1,1,1
Wageningen University & Research - Stichting Wageningen Research,wageningen_ur,12,1,2
WASH Alliance International,wai,9,2,1;2
War Child Holland,warchildholland,401,2,1;2
War on Want,waronwant,4,1,null
WASTE advisers on urban environment and development,waste,2,2,1;null
Water Witness International,water-witness-international,6,1,1
WaterAid,wateraid,488,3,1;3;4
Water Works,waterworks,1,1,1
World Benchmarking Alliance Foundation,wba,3,1,1
War Child Canada,wcc,1,1,1
World Child Cancer UK,wccuk,3,1,1
Women and Children First (UK),wcf,2,1,1
War Child UK,wcuk,56,1,1
Women Engage for a Common Future,wecf,1,1,1
Women's Environment & Development Organization,wedo,1,1,1
We Effect,weeffect,198,1,null
World Economic Forum Geneva,weforum_geneva,1,1,1
World Education Inc.,wei,1,1,1
Welbodi Partnership,welbodipartnership,2,1,1
Wellfound,wellfound,3,1,1
Wemos Foundation,wemos,3,1,1
Women Environmental Programme,wep,16,1,1
Women's Fund Asia,wf-asia,5,2,1;2
Westminster Foundation for Democracy,wfd,13,1,1
Water Finance Facility,wff,2,1,1
World Federalist Movement - Institute for Global Policy,wfm-igp,1,1,1
United Nations World Food Programme (WFP),wfp,1218,1,null
Women for Women International (UK),wfwiuk,5,1,1
Women's Global Network on Reproductive Rights,wgnrr_iati,1,1,1
Welthungerhilfe,whh,22,1,1
World Health Organization,who,11559,1,null
Worldwide Hospice Palliative Care Alliance,whpca,1,1,1
Wetlands International,wi,48,1,null
Water Integrity Network Association,win,10,2,1;2
World Jewish Relief,wjr_001,4,1,1
WNF Wereld Natuur Fonds,wnf,6,1,1
"WO=MEN, Dutch Gender Platform",wo-men,8,1,1
Wolayita Development Association,woda_0486,1,1,1
Womankind Worldwide,womankindworld,27,2,0;null
The World Bank,worldbank,3292,1,1
World Economic Forum,worldeconomicforum,4,1,1
World Vegetable Center,worldveg,14,1,1
World Waternet,worldwaternet,7,1,1
War on Want NI,wowni,1,1,1
Women Peacemakers Program,wpp,1,1,1
World Resources Institute,wri,3,1,1
Wereldsolidariteit-Solidarité Mondiale (WSM),wsm,9,2,1;2
Water & Sanitation for the Urban Poor (WSUP),wsup,1,1,1
Windle Trust Kenya,wtk,1,1,1
World University Service of Canada,wusc,2,1,1
World Vision International,wvi,62,1,null
World Vision Netherlands,wvnld,29,1,1
World Vision Syria,wvsyria,1,1,1
World Vision UK,wvuk,78,2,1;null
World Vision Zimbabwe,wvz-gec,4,1,1
We World - GVC Onlus,ww-gvc,2,1,1
World Wide Fund for Nature Belgium (WWF-BE),wwf-be,6,2,1;2
WWF Sweden,wwf-se,24,1,null
WWF-UK,wwf-uk,397,2,2;null
World Wide Fund for Nature Denmark,wwfdk,16,1,1
World Wide Fund for Nature - Pakistan,wwfpakistan,2,1,1
Win Win Strategies,wws,7,1,1
WYG International B.V.,wygi,13,1,1
Young Africa International HUB,yai-hub,1,1,1
Youth Business International,ybi,1,1,1
Y Care International,ycare,6,1,1
Yamaan Foundation for Health and Social Development,yffhsd,2,1,1
Young Innovations Pvt. Ltd,yipl,2,1,1
Youth Net and Counselling - YONECO,yoneco1997,1,1,1
YWCA of Bangladesh,ywcabd,1,1,1
Commune de Zè - Bénin,ze,1,1,null
Zimbabwe Educational Trust,zet,1,1,1
Zing,zing,13,1,null
ZOA,zoa,81,1,1
Zambia Orphans Aid UK,zoa_uk,1,1,1
Zoological Society of London,zsl,17,1,1
