Publisher Name,Publisher Registry Id,2019-03,2019-04,2019-05,2019-06,2019-07,2019-08,2019-09,2019-10,2019-11,2019-12,2020-01,2020-02,Time lag
ACTIONAID INTERNATIONAL KENYA,aaik,5,1,4,0,5,1,2,4,3,2,4,1,One month
ADD International (Action on Disability and Development),addinternational,3,1,1,5,0,0,1,1,1,2,0,0,One month
AICS - Agenzia Italiana per la Cooperazione allo Sviluppo / Italian Agency for Cooperation and Development,aics,61,55,70,63,145,106,128,146,107,6,5,0,One month
APT Action on Poverty,apt,5,1,1,4,1,2,4,4,1,5,1,0,One month
Able Child Africa,ablechildafrica,2,2,1,2,1,1,3,1,1,2,0,0,One month
Abt Britain Limited,abtbritain,1,1,1,0,2,0,1,2,2,1,0,0,One month
Action Against Hunger UK,acf,5,1,2,2,6,2,4,5,1,2,2,1,One month
ActionAid Rwanda,aar,7,2,2,6,4,4,7,0,2,6,0,0,One month
ActionAid UK,aauk,18,7,12,20,9,13,13,5,4,12,9,0,One month
African Development Bank,afdb,645,936,687,436,1381,504,621,1010,613,522,53,0,One month
Aga Khan Foundation (United Kingdom),akfuk73,1,4,1,4,0,1,4,0,1,4,0,0,One month
Agence Française de Développement,afd,1,0,0,0,0,0,0,0,0,2504,2502,2502,One month
Aidsfonds - Soa Aids Nederland,nl-kvk-41207989,23,15,7,40,35,36,21,26,9,10,3,0,One month
Amref Health Africa - UK,amrefha,4,3,4,3,5,10,4,11,1,7,0,0,One month
Anti-Slavery International,asil,4,0,3,3,2,2,2,1,3,2,0,0,One month
Asian Development Bank,asdb,2585,2608,2641,2668,2667,2691,2723,2745,2776,2850,2782,0,One month
Association for Cultural Technical and Educational Cooperation (ACTEC),actec,0,0,0,0,0,0,0,0,0,1,5,0,One month
Avocats Sans Frontières,asf,2,2,0,0,0,0,0,0,0,2,7,0,One month
Belgian Development Cooperation,be-dgd,117,33,49,131,61,30,61,109,56,218,23,12,One month
Both ENDS,bothends,10,12,0,10,0,0,10,0,0,9,1,0,One month
CARE International UK,ciuk,36,47,61,87,44,66,34,28,29,53,0,0,One month
CISU,cisu,0,0,0,0,1,0,0,0,2,0,1,0,One month
COWI,cowi,30,4,0,20,0,0,0,0,8,1,0,0,One month
Camfed International,camfed,23,0,2,22,0,4,21,0,3,23,0,0,One month
Canada - Global Affairs Canada | Affaires mondiales Canada,gac-amc,536,84,138,112,111,105,153,128,128,165,131,96,One month
Canada - International Development Research Centre/Centre de recherches pour le développement international,idrccrdi,604,302,417,306,348,345,292,286,316,184,0,0,One month
Catholic Agency For Overseas Development (CAFOD),cafod,169,85,75,65,92,80,107,88,122,100,28,0,One month
Catholic Relief Services,crs,20,12,3,22,13,13,30,8,8,17,0,0,One month
Charity Projects Ltd (Comic Relief),cprojects,39,18,8,33,16,7,38,7,16,26,0,0,One month
Child.org,child-dot_org,0,0,0,0,0,0,1,0,1,1,0,0,One month
Clinton Health Access Initiative,chai,7,2,2,4,0,4,4,1,2,4,1,0,One month
Concordis International,concordis,0,0,2,0,3,1,0,0,1,0,3,0,One month
Cordaid,cordaid,102,12,6,25,4,9,17,13,8,16,7,0,One month
Cowater International Inc,cowater,4,4,6,2,8,4,5,5,5,3,2,0,One month
DanChurchAid,dca,6,1,0,5,3,0,5,1,0,5,2,4,One month
Danish Refugee Council,drc,5,6,0,6,4,1,5,3,3,4,2,7,One month
DeafKidz International,dki1151219,2,0,0,2,0,1,2,1,0,1,1,0,One month
"Denmark - Ministry of Foreign Affairs, Danida",danida,1440,1015,1132,1119,1159,879,1092,1212,1296,1888,775,850,One month
Disability and Development Partners,ddp,2,2,8,0,0,6,4,2,6,2,0,0,One month
EMMS International,emms,7,0,1,8,2,2,7,2,3,6,0,0,One month
European Bank for Reconstruction and Development,ebrd,17,27,37,37,38,29,44,31,52,69,18,0,One month
European Commission - Directorate-General for International Cooperation and Development,ec-devco,759,793,846,931,1060,900,759,924,999,1745,676,745,One month
European Commission - Humanitarian Aid & Civil Protection,ec-echo,203,403,369,318,385,325,222,145,143,261,132,10,One month
European Commission - Neighbourhood and Enlargement Negotiations,ec-near,242,867,386,332,426,311,327,377,372,933,280,258,One month
European Commission - Service for Foreign Policy Instruments,ec-fpi,36,45,57,48,75,58,42,50,47,66,66,34,One month
Farm Africa,fa,7,0,4,7,1,2,7,2,1,6,0,1,One month
Feed the Minds,ftm-291333,1,0,0,0,0,0,0,0,1,3,1,0,One month
Finland - Ministry for Foreign Affairs,finland_mfa,61,64,70,87,52,57,50,57,69,244,48,24,One month
Food for the Hungry UK,fh,0,1,1,1,1,2,2,2,2,2,0,0,One month
France - Ministry for Europe and Foreign Affairs,france,62,37,34,46,51,12,41,28,66,47,6,8,One month
Free Press Unlimited,free_press_unlimited,0,0,0,0,0,0,0,0,0,49,1,0,One month
GOAL,goal,3,0,0,3,0,0,1,2,0,1,1,0,One month
Germany - Federal Foreign Office,fo_germany,447,529,554,488,548,534,515,528,754,492,705,202,One month
Germany - Ministry for Economic Cooperation and Development,bmz,15,14,13,14,9,3,8,14,13,307,41,20,One month
Girls’ Education Challenge – Fund Manager PwC,gecfundmanagerpwc,9,0,23,2,13,25,15,0,24,13,0,1,One month
Global Canopy,globalcanopy,3,1,1,1,3,0,2,1,1,1,1,0,One month
Global Network of Sex Work Projects (NSWP),nswp,1,0,2,1,2,1,3,1,3,3,0,0,One month
Global Rights Compliance,grc2018,2,8,6,1,1,3,7,4,7,2,0,11,One month
Handicap International Belgique,hib,0,0,0,0,0,0,0,0,0,1,1,0,One month
Health Poverty Action,hpa,1,0,1,1,0,1,2,0,1,1,0,0,One month
HelpAge International,helpage_international,194,156,152,162,158,156,151,154,156,150,0,0,One month
HelpAge International UK,ageintl,6,4,6,4,4,4,7,2,2,7,0,0,One month
Hivos,stichting_hivos,286,310,327,283,365,255,317,225,163,268,23,0,One month
Hope for Children,hfc,6,0,2,8,2,0,7,1,1,9,0,0,One month
Humanitarian Quality Assurance Initiative,hqai,9,0,0,9,1,0,9,0,2,8,1,0,One month
ICCO Cooperation,icco-cooperation,33,45,22,15,16,8,8,14,9,45,8,1,One month
ICF Consulting Services Ltd,icf,2,0,0,1,1,0,0,0,1,4,0,0,One month
IHE Delft Institute for Water Education,ihedelft,0,0,0,2,2,0,0,1,0,1,1,0,One month
IMC WORLDWIDE,imcw_admin,9,10,10,14,10,11,6,16,12,22,3,3,One month
INTRAC,intrac,0,0,0,1,1,1,1,0,0,1,1,0,One month
IUCN Nederlands Comité,iucn_nl,22,10,16,29,20,27,31,16,14,27,0,0,One month
Inter-American Development Bank,iadb,345,443,432,464,303,388,380,442,435,588,245,362,One month
InterAction's NGO Aid Map,ia_nam,7,8,9,9,10,7,10,11,2,2,4,7,One month
International Development Law Organization (IDLO),idlo,72,5,4,72,4,8,73,1,5,58,1,3,One month
International Federation of the Red Cross and Red Crescent (IFRC),ifrcrcs,655,434,217,0,0,0,0,0,0,5286,215,0,One month
International Finance Corporation,ifcwbg,19,15,32,47,14,11,9,11,22,35,4,9,One month
International Fund for Agricultural Development (IFAD),ifad,162,166,173,126,210,126,179,202,182,236,162,139,One month
International Medical Corps UK,imc_uk,1,1,0,1,2,0,1,3,1,1,0,0,One month
International Network for Advancing Science and Policy,inasp,7,0,1,7,0,1,7,0,1,6,0,1,One month
International Organization for Migration (IOM),iom,47,67,21,31,29,30,63,38,22,22,16,1,One month
International Planned Parenthood Federation,ippf,33,27,12,46,18,22,37,14,19,78,2,4,One month
International Potato Center,cip,0,0,1,1,0,0,2,4,3,3,0,0,One month
International Rescue Committee UK,irc_uk,43,12,4,9,10,18,22,17,7,40,1,1,One month
International Women's Development Agency,iwda,20,7,8,5,2,7,9,2,9,9,0,0,One month
Ipas,ipas,3,0,0,2,0,0,1,0,0,1,1,0,One month
Irrawaddy Policy Exchange,ipe,2,1,1,1,2,2,2,1,2,2,0,1,One month
Itad,itad,0,0,2,1,3,0,1,0,2,1,0,0,One month
KPMG East Africa,kpmgea,16,4,6,7,1,2,8,1,1,11,0,3,One month
King Salman Humanitarian Aid and Relief Centre,ksrelief291,9,21,17,4,3,6,7,10,12,7,4,0,One month
LTS International Limited,lts,56,38,85,83,47,119,65,72,82,215,0,0,One month
Leonard Cheshire Disability,lcd_admin,1,3,1,2,2,0,0,1,1,0,2,0,One month
Malaria Consortium,malariaconsortium,95,20,36,66,66,45,147,81,91,75,0,0,One month
MannionDaniels,manniondaniels,82,46,67,80,32,62,68,39,59,71,46,0,One month
Marie Stopes International,msi,15,15,16,21,15,11,20,11,22,15,0,4,One month
Ministère de l'Economie et des Finances du Bénin,mefbenin,10,9,28,63,8,13,7,18,11,27,14,2,One month
Minority Rights Group,mrg,0,0,0,0,0,0,0,0,0,6,1,6,One month
Mulanje Mission Hospital,mmh,1,0,1,2,0,1,1,0,1,1,0,0,One month
Multilateral Investment Fund,fomin,126,75,77,65,84,91,141,71,75,37,0,0,One month
Nathan Associates London Ltd.,nathan,5,0,0,5,0,0,5,0,0,9,1,0,One month
Netherlands - Ministry of Foreign Affairs,minbuza_nl,269,300,354,257,451,425,389,504,812,1323,394,439,One month
Netherlands Enterprise Agency,rvo,164,185,193,229,311,198,120,184,174,306,149,113,One month
Netherlands Institute for Multiparty Democracy (NIMD),nimd-hq,22,6,5,22,6,4,23,10,4,22,0,0,One month
Netherlands Red Cross,nlrc,139,35,58,133,42,43,163,77,44,311,0,0,One month
New Zealand - Ministry of Foreign Affairs and Trade - New Zealand Aid Programme,mfat,764,825,869,1178,626,1111,541,1284,953,1299,781,450,One month
Norad - Norwegian Agency for Development Cooperation,norad,769,849,554,522,453,541,603,1259,895,1795,118,26,One month
Norwegian People's Aid,npa,3,1,0,4,0,0,3,7,13,11,0,0,One month
OCHA Country Based Pooled Funds,unocha-cbpf,470,357,618,407,572,375,503,435,465,499,480,407,One month
Orbis International,orbis_international,5,0,3,2,0,0,3,3,1,4,0,0,One month
Oxfam Novib,onl,1797,1079,1150,1288,1296,1061,1309,1457,1438,1448,1366,1338,One month
Oxfam Solidarité-Solidariteit,oxsol,2,2,9,0,0,0,0,0,9,1,13,0,One month
PAX,pax,134,8,2,131,5,2,141,6,5,0,25,0,One month
Palliative Care Association of Malawi,pacam,1,0,0,2,0,1,1,0,1,1,0,0,One month
Palliative Care Support Trust,pcst,1,0,0,1,0,0,2,0,1,1,0,0,One month
Plan International Netherlands,plannlno,119,58,73,139,31,66,95,72,67,122,58,1,One month
Plan International UK,plan_uk,78,20,19,110,14,34,53,0,52,39,27,0,One month
PricewaterhouseCoopers Private Limited India,pwcplindia,10,6,0,8,3,7,8,4,1,15,0,0,One month
Prince Claus Fund,pcf,1,0,1,20,0,4,3,12,25,10,5,0,One month
Promundo-US,pmo-us,3,3,2,1,4,0,5,0,2,2,0,0,One month
Protos,protos,2,1,0,3,0,0,3,1,0,1,24,0,One month
PwC,pwc,52,0,10,33,0,10,38,0,9,33,0,0,One month
Railway Children,rc,2,1,2,2,2,1,2,2,1,3,0,0,One month
Raleigh International,raleigh_int,1,0,0,3,1,2,1,0,1,2,0,0,One month
Restless Development,restless,1,0,6,2,7,2,7,0,1,8,0,0,One month
Royal Commonwealth Ex-Sevices League,rcel,2,10,3,1,8,1,4,21,1,1,4,1,One month
Royal National Lifeboat Institution (RNLI),rnli_international,0,1,0,0,0,0,2,0,0,1,1,0,One month
SNV Netherlands Development Organisation,snv,0,6,0,2,10,12,26,4,4,4,0,0,One month
SOS Kinderdorpen België / SOS Villages d'Enfants Belgique,svdbskb_admin,0,1,0,0,0,0,0,0,0,4,2,0,One month
Saferworld,saferworld,15,4,4,11,8,3,12,8,2,11,2,0,One month
Save the Children Netherlands,scnl,56,0,0,37,0,0,18,1,13,39,0,0,One month
Scottish Catholic International Aid Fund (SCIAF),sciaf,2,2,2,9,1,0,6,5,1,3,0,0,One month
Simavi,simavi,52,46,34,43,30,47,52,47,33,31,0,0,One month
Société Nationale des eaux du Bénin (SONEB),soneb-benin,0,0,0,2,2,2,0,2,3,3,2,0,One month
Solidaridad West Africa,solidaridad-waf,1,1,2,0,5,2,3,4,0,2,5,0,One month
Spanish Agency for International Development Cooperation (AECID),aecid,145,75,52,24,32,6,26,41,33,1321,75,8,One month
Stichting Vluchteling,st_vluchteling,2,5,1,8,9,3,0,4,2,8,5,4,One month
Stichting Woord en Daad,w-d,29,32,20,20,44,13,17,26,20,34,3,3,One month
Survivors Fund (SURF),surf,0,0,0,0,0,0,0,0,1,1,0,1,One month
"Sweden, through Swedish International Development Cooperation Agency (Sida)",sida,49,41,71,63,57,28,50,60,630,3077,22,9,One month
TEAR fund Nederland,tear,34,34,18,3,1,0,2,4,14,40,0,0,One month
TREE AID,treea,0,0,1,0,0,1,1,0,1,2,0,0,One month
Tearfund,tearfund,7,2,4,2,0,0,3,0,1,2,0,0,One month
Tearfund VZW (TFBE),tfb_admin1,0,0,0,0,0,0,0,0,0,6,1,0,One month
The Commonwealth Secretariat,commonwealthsecretariat,1049,1341,1595,1391,2258,2614,1087,1233,1298,1041,3783,1057,One month
"The Global Development Incubator, Inc",gdi,0,3,0,1,4,1,3,1,0,2,2,0,One month
"The Global Fund to Fight AIDS, Tuberculosis and Malaria",theglobalfund,1126,1371,1774,1315,1205,1168,1077,1551,1110,1240,1397,1394,One month
The Open University,open_university,10,3,1,11,4,2,7,3,2,6,0,0,One month
The William and Flora Hewlett Foundation,hewlett-foundation,43,35,45,74,57,50,44,76,20,21,12,8,One month
The World Bank,worldbank,3845,0,2,4889,5,0,4085,0,0,4979,2,2796,One month
Transparency International Bangladesh,tib,12,0,6,9,0,0,8,3,2,4,0,0,One month
"UK - Department for Business, Energy and Industrial Strategy (BEIS)",beis,254,47,18,92,28,6,2,3,2,1,1,0,One month
"UK - Department for Environment, Food and Rural Affairs",defra_transparency,9,19,1,8,10,18,6,8,6,9,0,1,One month
UK - Department for International Development (DFID),dfid,1129,953,907,838,1148,851,780,1166,1038,1286,740,18,One month
UK - Department of Health and Social Care (DHSC),dhsc,78,13,11,72,21,18,76,13,17,13,3,1,One month
UK - Foreign & Commonwealth Office,fco,637,161,107,521,198,193,735,288,296,612,0,0,One month
UNITAID,utd,2,3,11,19,12,7,0,4,8,17,3,3,One month
UTZ,utz,19,10,14,40,15,14,11,18,26,29,8,0,One month
United Nations Central Emergency Response Fund (CERF),cerf,55,180,88,17,27,50,71,71,38,110,37,57,One month
United Nations Children's Fund (UNICEF),unicef,7884,8010,8142,7861,7976,7707,8068,8154,8262,48857,7529,47144,One month
United Nations Development Programme (UNDP),undp,4573,4210,4410,5190,4419,4603,5111,4662,4796,18797,3490,21160,One month
United Nations High Commissioner for Refugees (UNHCR),unhcr,113,53,56,171,112,124,100,73,122,559,36,91,One month
United Nations Office for Project Services (UNOPS),unops,4,4,4,3,2,2,1,1,0,852,1054,933,One month
United Nations Office for the Coordination of Humanitarian Affairs (OCHA),unocha,99,64,77,58,62,29,48,25,41,151,10,25,One month
United Nations World Food Programme (WFP),wfp,2423,2384,2287,2076,2316,2237,2212,2230,2126,2720,2350,2454,One month
United States,unitedstates,18392,9493,5953,8938,4117,2442,6974,357,23,16,0,0,One month
United States Agency for International Development (USAID),usaid,28352,1409,1705,29313,1389,1517,37382,1300,1225,26507,1372,1524,One month
Village Water Ltd,villagewater,0,0,0,0,0,1,3,0,1,2,0,0,One month
War Child Holland,warchildholland,15,2,2,4,4,235,10,2,9,132,6,0,One month
Wellfound,wellfound,3,0,0,3,0,0,1,0,1,0,2,0,One month
Women's Fund Asia,wf-asia,6,0,29,5,7,3,6,4,3,2,0,0,One month
World Education Inc.,wei,4,6,0,1,8,10,9,1,1,1,0,0,One month
World Health Organization,who,0,0,0,0,0,0,0,0,0,16876,11735,0,One month
World Resources Institute,wri,12,8,1,1,2,1,2,3,3,1,0,1,One month
World University Service of Canada,wusc,6,4,1,6,4,1,6,5,0,8,4,0,One month
Worldwide Hospice Palliative Care Alliance,whpca,1,0,2,1,0,2,1,0,1,1,0,0,One month
Y Care International,ycare,5,2,2,5,2,1,5,2,0,5,1,0,One month
ZOA,zoa,29,2,8,9,3,10,20,3,17,16,5,0,One month
Zoological Society of London,zsl,27,1,0,0,3,1,1,3,5,33,0,0,One month
50 Eight Limited,fifty_eight,2,0,0,2,0,0,2,0,0,2,0,0,A quarter
ACODEV,acodev,0,0,0,0,0,0,0,0,0,0,1,0,A quarter
ADRA Denmark,adra-dk,0,0,0,0,2,0,0,0,0,0,2,2,A quarter
AFELT,afelt,1,0,0,1,0,0,1,0,0,1,0,0,A quarter
AFEW International,afewinternational,10,0,0,1,7,0,8,0,0,0,8,0,A quarter
Access to Medicine Foundation,atmf,0,1,0,1,0,1,0,1,0,1,0,0,A quarter
Action Contre la Faim,acf-fr,0,0,0,0,0,0,0,0,1,0,0,0,A quarter
ActionAid Bangladesh,aab,2,0,1,1,0,0,2,1,0,2,0,0,A quarter
ActionAid Denmark (Mellemfolkeligt Samvirke),aadk,12,1,3,10,0,2,11,3,0,0,4,2,A quarter
ActionAid International,aai,1,0,0,1,0,0,1,0,0,1,0,0,A quarter
Acumen,acumen,1,0,1,2,2,0,2,0,1,0,0,0,A quarter
Administração de Infra-Estruturas de Águas e Saneamento,aias,3,0,0,3,0,0,2,0,0,4,0,0,A quarter
African Center for Economic Transformation (ACET),acet,50,0,0,40,0,0,61,0,0,68,0,0,A quarter
African Women's Development Fund,awdf,0,0,0,0,0,0,0,0,0,7,0,0,A quarter
Akvo Foundation,akvo,21,0,1,8,12,1,16,0,0,16,0,0,A quarter
Amref Flying Doctors,amrefnl,7,1,3,2,2,1,1,2,0,4,0,0,A quarter
Association pour la Promotion de l'Education et de la Formation à l'Etranger,apefe,14,0,0,0,0,0,0,0,0,0,15,0,A quarter
Australia - Department of  Foreign Affairs and Trade,ausgov,0,0,0,2100,0,0,0,0,926,0,0,0,A quarter
Autre Terre asbl,a-t,0,0,0,0,0,0,0,0,0,0,2,0,A quarter
BDO LLP,bdo,0,0,0,0,0,0,0,0,0,0,3,0,A quarter
BOS+ tropen,bos_plus_tropen,0,0,0,0,0,0,0,0,0,0,3,0,A quarter
BRAC University,bu,14,13,41,34,22,19,29,22,19,0,0,0,A quarter
Babawatoto Centre For Children and Youth,bawacecy-tz,0,0,0,0,0,0,0,0,0,2,0,0,A quarter
Balloon Ventures Foundation,bvf,0,0,0,0,0,0,1,0,0,1,0,0,A quarter
Bees for Development Trust,beesfordevelopment,0,0,0,0,0,0,1,0,0,2,0,0,A quarter
Benelux Afro Center,bac,0,0,0,0,0,0,0,0,0,0,4,0,A quarter
Beweging voor Internationale Solidariteit - Mouvement pour la Solidarité Internationale,bismsi,0,0,0,0,0,0,0,0,0,0,8,0,A quarter
Boston University,bu-carbx-admin,0,0,0,0,0,0,0,0,0,0,2,3,A quarter
British & Irish Agencies Afghanistan Group,baag,1,1,1,1,0,0,1,2,1,0,0,0,A quarter
British Red Cross,gb-chc-220949,10,21,11,12,35,12,29,16,21,0,0,0,A quarter
Brulocalis,brulocalis,2,0,0,0,0,0,0,0,0,0,8,0,A quarter
Build Africa,buildafrica,0,0,4,4,0,0,3,0,0,2,0,0,A quarter
CABI,cabi,15,0,0,15,0,0,15,0,0,15,0,0,A quarter
CARE Danmark Fonden for Frivillig Ulandsbistand,12921047,0,0,0,0,1,0,0,0,0,0,1,1,A quarter
CARE SOMALIA,csom1,2,1,3,1,4,6,4,3,3,0,0,0,A quarter
CARE international foundation Switzerland in Sudan,cis,9,2,9,3,7,9,8,11,11,0,0,0,A quarter
CHOICE for Youth and Sexuality,cfyas,7,1,2,9,2,3,2,16,0,1,0,0,A quarter
CIVICUS World Alliance for Citizen Participation,civicus,2,0,1,19,0,0,0,0,0,0,1,0,A quarter
COC Nederland,cocnl_publisher,20,0,0,20,0,0,22,0,0,22,0,0,A quarter
Cardno Emerging Markets,cardnoem,42,0,13,0,0,11,0,1,37,0,0,0,A quarter
Caribbean Development Bank (CDB),caribank,0,0,0,0,0,0,1,2,0,1,0,0,A quarter
Caritas Denmark,caritas_denmark,6,1,2,47,3,0,1,1,0,0,12,0,A quarter
Caritas International (Belgium),cibe,1,0,0,0,0,0,0,0,0,0,15,0,A quarter
Center for Civilians in Conflict,civic_admin,0,0,9,4,1,0,0,0,2,0,0,0,A quarter
Centre International de Développement et de Recherche,cidr,1,0,0,1,0,0,1,0,0,1,0,0,A quarter
Centre National de Coopération au Développement (CNCD-11.11.11),cncd,0,0,0,0,0,0,0,0,0,0,1,0,A quarter
Centre Tricontinental - CETRI,ct-admin,1,0,0,0,0,0,0,0,0,0,2,0,A quarter
Chaîne de l'Espoir Belgique / Keten van Hoop België / Chain of Hope Belgium,cdeb-kvhb_admin,0,0,0,0,0,0,0,0,0,0,2,0,A quarter
Christian Aid,caid,715,294,210,375,269,161,411,53,2,0,0,0,A quarter
ClientEarth,clientearth-1,12,2,0,10,2,0,10,2,2,0,0,0,A quarter
Coalition for Epidemic Preparedness Innovations,cepi,0,0,0,0,0,0,0,0,0,2,0,0,A quarter
Coffey International Development,coffey,18,0,0,24,0,0,18,0,0,3,0,0,A quarter
Collectif Stratégies Alimentaires,csa,0,0,0,0,0,0,0,0,0,0,5,0,A quarter
Conciliation Resources,cr,3,1,0,3,0,1,3,0,0,2,0,0,A quarter
Congodorpen vzw,congodorpen,0,0,0,0,0,0,0,0,0,0,15,0,A quarter
Crown Agents Limited,cal,45,1,0,75,1,0,70,0,0,67,0,0,A quarter
DAI Europe,dai-e,298,7,0,71,0,0,30,0,0,28,0,0,A quarter
Damiaanactie / Action Damien,damien-foundation,0,0,0,0,0,0,0,0,0,0,1,0,A quarter
Danish Trade Union Development Agency (Ulandssekretariatet),loftf,0,0,0,0,1,0,0,0,0,0,1,1,A quarter
David Gordon Memorial Hospital,dgmh,1,0,0,1,0,0,0,0,0,1,0,0,A quarter
Defence for Children International Netherlands - ECPAT Netherlands,dciecpatnl,6,8,0,0,0,14,6,0,2,0,0,0,A quarter
Department for International Trade,dit,1,0,0,1,0,0,1,0,0,1,0,0,A quarter
Diakonia Sweden,diakonia802017-3517,0,0,0,0,0,0,0,0,0,700,0,0,A quarter
Disabled People's Organisations Denmark,dpod,0,0,0,0,1,0,0,0,0,2,0,0,A quarter
Dorcas Aid International,dai,14,5,0,12,1,1,5,0,0,6,0,0,A quarter
Dynamo International asbl,dynamo_international,0,0,0,0,0,0,0,0,0,0,2,0,A quarter
Défi Belgique Afrique,dba,0,0,0,0,0,0,0,0,0,0,3,0,A quarter
Echos Communication,ec,0,0,0,0,0,0,0,0,0,0,2,0,A quarter
Eclosio,eclosio,0,0,0,0,0,0,0,0,0,0,15,0,A quarter
Ecorys UK,ecuk,6,1,2,3,4,0,0,1,0,2,0,0,A quarter
Enfance Tiers Monde Kinderen Derde Wereld,etmkdw,0,0,0,0,0,0,0,0,0,0,4,4,A quarter
Entraide et Fraternité,ef_,0,0,0,0,0,0,0,0,0,0,2,0,A quarter
Ethiopiaid UK,ethiopiaiduk,3,4,1,1,5,2,6,0,1,0,0,0,A quarter
European Journalism Centre,ejc,1,0,0,0,0,0,2,0,0,28,0,0,A quarter
FIAN Belgium,fian-belgium,0,0,0,0,0,0,0,0,0,0,1,0,A quarter
FONCABA ASBL KBA VZW,foncaba,1,7,0,0,0,0,0,0,0,0,1,0,A quarter
Fair Wear Foundation,fwf,0,0,0,0,0,0,2,0,0,12,0,0,A quarter
Faith to Action Network,f2a,0,0,0,0,0,5,1,6,5,0,0,0,A quarter
Federation of Women Lawyers Kenya,fida,0,1,1,0,1,1,0,1,0,1,0,0,A quarter
Fondo Centroamericano de Mujeres,fcam,6,0,0,7,0,0,5,0,0,4,0,0,A quarter
Fonds voor Ontwikkelingssamenwerking - Socialistische Solidariteit VZW,fos,0,0,0,0,0,0,0,0,0,0,1,0,A quarter
Forum Universitaire pour la Coopération Internationale au Développement -FUCID ASBL,fucid,0,0,0,0,0,0,0,0,0,0,2,0,A quarter
Free a Girl,freeagirl,3,4,1,1,3,2,0,4,0,2,0,0,A quarter
Fundación Fondo Mujeres del Sur,fms,0,0,0,0,0,0,0,0,0,5,0,0,A quarter
GEOMOUN ASBL,geomoun,0,0,0,0,0,0,0,0,0,0,2,0,A quarter
GPPAC Foundation,gppac,4,0,2,4,0,0,3,0,0,3,0,0,A quarter
"Gavi, the vaccine alliance",gavi,162,0,0,0,0,0,0,0,1,0,0,1,A quarter
HE Foundation,hefoundation,0,0,0,0,0,1,0,0,0,1,0,0,A quarter
Handicap International UK,hiuk,1,2,1,2,2,0,3,0,0,1,0,0,A quarter
HealthNet TPO,healthnet,0,0,0,2,0,1,1,2,0,2,0,0,A quarter
HealthProm,hp_12,0,3,0,0,3,1,1,3,1,0,0,0,A quarter
Hope and Homes for Children,hhc,3,0,0,4,0,1,3,0,1,0,0,0,A quarter
IMD Moçambique,imdmozambique,0,0,2,1,9,6,7,13,9,0,0,0,A quarter
INTOSAI Development Initiative,idi,0,0,17,31,0,0,34,0,0,35,0,0,A quarter
IRC,irc,14,0,4,14,0,0,15,6,0,20,0,0,A quarter
ITECO - Centre de formation pour le développement,iteco,0,0,0,0,0,0,0,0,0,0,4,0,A quarter
Instiglio,instiglio,0,3,0,0,0,0,2,0,1,0,0,0,A quarter
Institute for International Workers Education,iiwe,0,0,0,0,0,0,0,0,0,0,12,0,A quarter
Institute for Security Studies,issafrica,0,0,0,1,0,0,1,0,0,2,0,0,A quarter
Institute of Development Studies,ids,16,0,1,8,0,1,19,0,0,17,0,0,A quarter
Institute of Tropical Medicine,itm,0,0,0,0,0,0,0,0,0,0,1,0,A quarter
Integrity Action,integrity_action,2,0,0,2,0,1,1,0,0,2,0,0,A quarter
International Crisis Group,crisisgroup,1,1,0,1,1,1,1,0,1,0,0,0,A quarter
International Indigenous Women Forum,fimi_iiwf_2019,0,0,0,0,0,0,0,0,0,2,0,0,A quarter
Johns Hopkins University,gi-jhu,0,0,0,0,0,0,0,0,1,0,0,0,A quarter
Karuna Mission Social Solidarity - KMSS,kmss,0,1,1,0,1,3,0,1,1,0,0,0,A quarter
Koepel van de Vlaamse Noord-Zuidbeweging 11.11.11 VZW,111111_publisher,8,0,0,0,0,0,0,0,0,1,0,0,A quarter
MAG,mag,23,0,0,19,1,0,23,0,0,22,0,0,A quarter
MVO Nederland,mvo_nederland,16,0,0,18,0,0,15,0,0,18,0,0,A quarter
Mainline,mainline,3,14,4,0,1,18,11,0,20,0,0,0,A quarter
Mama Cash,mamac,5,0,0,5,0,0,8,0,0,9,0,0,A quarter
Memisa,memisa,0,0,0,0,0,0,0,0,0,0,2,0,A quarter
Mercy Corps Europe,mce,44,0,0,42,0,0,55,0,0,50,0,0,A quarter
Mercy Corps Netherlands,mcn,1,0,0,4,0,0,5,0,0,4,0,0,A quarter
Miel Maya Honing asbl,mmha,0,0,0,0,0,0,0,0,0,0,8,0,A quarter
Ministry of Foreign Affairs - United Arab Emirates (UAE),mofaic_uae,0,0,0,0,0,0,0,0,2,0,0,0,A quarter
Mission Øst,missioneast,0,0,0,1,1,0,1,0,0,0,1,1,A quarter
Motivation,motivation,5,0,4,5,0,0,0,5,0,3,0,0,A quarter
Mott MacDonald Limited,mml,4,0,0,0,1,0,0,0,1,0,0,1,A quarter
Musalaha Ministry of Reconciliation,mmr_admin2,0,0,0,0,1,0,0,0,0,1,0,0,A quarter
Médecins Sans Vacances,msv,0,0,0,0,0,0,0,0,0,0,4,0,A quarter
NKHOMA MISSION HOSPITAL,nmhiati,1,0,0,1,0,0,2,1,0,1,0,0,A quarter
Nepal Netra Jyoti Sangh,nnjs_nepal,0,0,0,0,0,0,0,0,0,2,0,0,A quarter
Netherlands Commission for Environmental Assessment,ncea,0,0,0,0,0,0,0,0,0,83,0,0,A quarter
Niger Delta Stakeholders Initiative for Community Development and Empowerment,ndsicde,2,0,2,4,0,0,2,0,0,4,0,0,A quarter
Norwegian Refugee Council,nrc,21,4,0,22,0,0,18,0,0,20,0,0,A quarter
ONG ALCRER,alcrer-1,2,1,3,0,1,0,2,1,0,3,0,0,A quarter
Options Consultancy Services,options,15,0,0,17,0,0,18,0,0,9,0,0,A quarter
Orbis Charitable Trust,orbis_uk,6,0,2,4,0,2,3,2,0,4,0,0,A quarter
Orbis Ethiopia,orbis_ethiopia,2,0,1,1,0,0,2,0,0,3,0,0,A quarter
Oxfam America,oxfamus,181,0,0,1,0,0,163,0,0,1,0,0,A quarter
Oxfam IBIS,ibis_denmark,0,2,0,0,0,0,0,0,2,0,0,2,A quarter
Oxfam Wereldwinkels,oww,0,0,0,0,0,0,0,0,0,0,2,0,A quarter
Oxfam-Magasins du monde (omdm),omdm,1,0,0,1,0,0,0,1,0,0,2,0,A quarter
PATH,_path_,13,2,0,11,0,0,1,1,0,2,0,0,A quarter
PHASE Worldwide,phase_worldwide,6,0,0,0,0,0,8,0,0,7,0,0,A quarter
Palladium International Ltd (UK),palladium,6,4,1,1,0,0,1,0,0,1,0,0,A quarter
Peace Direct,peacedirect,0,0,0,0,0,0,0,0,0,0,1,0,A quarter
People in Need,pin,627,0,0,672,0,0,483,0,0,505,0,0,A quarter
PlanBørnefonden,plb,0,0,0,0,1,0,0,0,0,0,1,1,A quarter
Plataforma Moçambicana da Água (PLAMA),plama,0,2,0,1,0,0,1,1,1,0,0,0,A quarter
Practical Action,pa,616,0,0,0,0,0,0,0,0,428,0,0,A quarter
Pump Aid,pumpaid,0,0,1,0,0,0,1,0,1,0,0,0,A quarter
Queen Rania Foundation for Education and Development,qrfed,6,0,0,6,0,0,8,0,0,6,0,0,A quarter
Quinoa,quinoa,0,0,0,0,0,0,0,0,0,0,2,0,A quarter
RCN Justice & Démocratie,rcn,0,0,0,0,0,0,1,0,0,0,1,0,A quarter
Red Cross Red Crescent Climate Centre,climate_centre,14,0,0,14,0,0,14,0,0,14,0,0,A quarter
Regional Advisory Information and Network Systems,rains,2,0,1,1,1,0,2,1,0,2,0,0,A quarter
Republic of Korea,odakorea,72,108,78,88,49,30,1790,2,0,467,0,0,A quarter
Rikolto in Belgium,rikolto_belgium,0,0,0,0,0,0,0,0,0,0,2,0,A quarter
Rotary Clubs For Development,rc4d,0,0,0,0,0,0,0,0,0,0,3,0,A quarter
SCI Projets Internationaux ASBL_Service Civil International branche belge,scibelgium,0,0,0,0,0,0,0,0,0,0,1,0,A quarter
Save the Children DK,redbarnet,2,0,0,0,2,0,0,0,0,0,2,2,A quarter
Save the Children International,sci,147,6,1,162,10,5,197,0,0,134,0,0,A quarter
Save the Children UK,scuk,234,9,1,231,11,5,240,0,0,67,0,0,A quarter
Search for Common Ground (SFCG),sfcg,3,0,0,3,0,0,3,0,0,1,0,0,A quarter
Send a Cow,sendacow,5,10,1,6,0,0,8,4,0,5,0,0,A quarter
Send a Cow Kenya,sac_kenya,6,0,0,6,0,0,5,0,0,5,0,0,A quarter
Sense International,sense_international,11,1,1,12,0,0,9,0,0,3,0,0,A quarter
Sensorial Handicap Cooperation,shc,0,0,0,0,0,0,0,0,0,0,2,0,A quarter
Sightsavers,ss-org,743,0,0,524,0,0,571,0,0,1336,0,0,A quarter
Small Arms Survey,sas_sana,0,0,0,0,0,0,0,0,1,0,0,0,A quarter
Solidaridad,solidaridad,1,0,0,0,0,1,0,0,0,0,26,0,A quarter
Solidaridad Europe,solidaridad-europe,1,2,0,3,3,6,3,0,0,0,12,0,A quarter
Solidaridad South & South-East Asia,solidaridad-ssea,0,0,0,0,0,0,0,0,0,0,11,0,A quarter
SouthSouthNorth,ssn,2,0,4,0,0,3,3,0,6,0,0,0,A quarter
Stakeholder Democracy Network,sdn,1,0,0,2,0,0,1,0,0,2,0,0,A quarter
Stichting Agriterra,agriterra,0,0,0,0,0,0,0,0,0,6,0,0,A quarter
Stichting Deltares,deltares,10,1,0,11,0,0,10,0,0,11,0,0,A quarter
Stichting Health Action International,hai,0,0,1,0,0,0,0,0,0,6,0,0,A quarter
Stichting Onderzoek Multinationale Ondernemingen (SOMO),somo,13,1,0,13,0,1,13,0,1,0,0,0,A quarter
Street Child,street_child,3,0,0,3,0,0,9,0,0,5,0,0,A quarter
Switzerland - Swiss Agency for Development and Cooperation (SDC),sdc_ch,0,0,0,0,0,0,0,0,0,6396,0,0,A quarter
Terre des Hommes Netherlands,tdh_nl,14,5,4,0,2,0,0,0,0,0,11,0,A quarter
The Asia Foundation,taf,0,0,0,1,0,0,1,0,0,2,0,0,A quarter
The Fred Hollows Foundation (UK),fhfuk,2,0,0,4,0,0,1,0,0,1,0,0,A quarter
The HALO Trust,halo,6,0,0,8,0,0,9,0,0,9,0,0,A quarter
The International Rescue Committee,irc_inc,97,3,6,126,4,2,80,3,0,81,0,0,A quarter
The MENTOR Initiative,the_mentor_initiative,1,3,2,2,0,0,0,4,0,4,0,0,A quarter
The Mailman School of Public Health,mailman_school_of_public_health,0,1,0,0,1,0,0,0,0,1,0,0,A quarter
"The Population Council, Inc.",populationcouncil,0,0,0,0,1,1,0,1,1,0,0,0,A quarter
The United Nations Relief and Works Agency for Palestine Refugees in the Near East (UNRWA),unrwa,0,0,0,0,0,0,0,0,0,454,0,0,A quarter
TradeMark East Africa,tmea,0,0,0,3,0,0,3,0,0,85,0,0,A quarter
Transparency International Secretariat,transparency-international,2,0,1,1,2,0,0,0,0,11,0,0,A quarter
Triangle Génération Humanitaire,tgh,0,0,0,0,0,1,0,0,0,1,0,0,A quarter
Trias,trias,0,3,0,0,0,0,0,0,0,0,4,0,A quarter
UK - Home Office,homeoffice,0,5,0,0,3,0,0,6,0,0,5,0,A quarter
UNICEF Netherlands National Committee,unicefnl,10,0,0,2,0,0,0,0,0,0,2,0,A quarter
Unie van Waterschappen,uvw,0,18,0,0,1,0,0,0,0,1,0,0,A quarter
Union des Villes et Communes de Wallonie (UVCW),uvcw,3,0,0,0,0,0,0,0,0,0,11,0,A quarter
United Disabled Persons of Kenya,udpk,1,0,2,0,0,2,0,0,2,0,0,0,A quarter
United Nations Capital Development Fund,uncdf,0,0,0,0,0,0,0,0,0,118,0,0,A quarter
United Nations Industrial Development Organization (UNIDO),unido,0,0,0,0,0,0,0,0,0,5716,0,0,A quarter
United Nations Population Fund,unfpa,0,0,0,0,0,0,0,0,2946,0,0,0,A quarter
Universitair Centrum voor Ontwikkelingssamenwerking,ucos,0,0,0,0,0,0,0,0,0,0,2,0,A quarter
Universiteit Leiden,universiteit_leiden,1,0,0,1,0,0,1,0,0,1,0,0,A quarter
Upper Quartile,uq,5,0,0,1,0,0,2,0,0,1,0,0,A quarter
Urgent Action Fund for Women's Human Rights,uaf,0,0,0,0,0,0,0,0,0,4,0,0,A quarter
VEI (Vitens-Evides International),vei_nl,25,0,0,26,0,1,25,0,0,23,0,0,A quarter
VETERINAIRES SANS FRONTIERES / DIERENARTSEN ZONDER GRENZEN - BELGIUM,vsfbelgium,0,0,0,0,0,0,22,0,0,0,2,0,A quarter
VVOB Education for Development,vvob,1,0,0,2,0,0,0,1,0,13,0,0,A quarter
Varkey Foundation,varkeyfoundation,9,0,1,9,0,1,1,0,0,2,0,0,A quarter
Village Enterprise,villageenterprise,0,0,0,0,0,0,0,0,0,0,6,0,A quarter
Viva Salud,g3w-m3m_admin,0,0,0,0,0,0,0,0,0,0,2,0,A quarter
Vlaamse Interuniversitaire Raad voor Universitaire Ontwikkelingssamenwerking (VLIR-UOS),vlir-uos,0,0,0,0,0,0,0,0,0,0,1,0,A quarter
WNF Wereld Natuur Fonds,wnf,0,0,0,0,0,0,0,0,0,0,10,0,A quarter
WYG International B.V.,wygi,38,0,0,5,0,0,1,0,0,27,0,0,A quarter
Water Finance Facility,wff,2,0,0,3,0,0,3,0,0,5,0,0,A quarter
WaterAid,wateraid,6,0,0,6,0,0,6,0,0,6,0,0,A quarter
We World - GVC Onlus,ww-gvc,0,0,0,0,0,1,0,0,0,1,0,0,A quarter
Wereldsolidariteit-Solidarité Mondiale (WSM),wsm,0,0,0,0,0,0,0,0,0,0,3,0,A quarter
Women Environmental Programme,wep,0,0,0,1,0,0,2,0,0,1,0,0,A quarter
Women for Women International (UK),wfwiuk,5,0,0,9,0,0,7,0,0,11,0,0,A quarter
World Jewish Relief,wjr_001,0,0,0,0,0,2,5,4,0,6,0,0,A quarter
World Vision International,wvi,0,0,0,0,0,0,732,0,0,625,0,0,A quarter
World Vision UK,wvuk,3,4,12,3,4,8,4,4,8,0,0,4,A quarter
World Wide Fund for Nature Belgium (WWF-BE),wwf-be,4,0,0,0,0,0,0,0,0,0,1,0,A quarter
kidasha,kidasha,0,0,0,0,0,0,2,0,0,3,0,0,A quarter
Academy for Health Development (AHEAD),ahead,0,1,0,0,1,0,0,2,0,0,0,0,Six months
ActionAid Ghana,aag,2,0,0,1,1,0,1,0,0,0,0,0,Six months
Afghanaid,afghanaid,351,202,275,274,629,562,309,35,0,0,0,0,Six months
Afghanistan Public Policy Research Organization (APPRO),appro-af,0,0,0,0,0,0,1,0,0,0,0,0,Six months
African Initiatives,ai_1064413,7,0,4,7,0,4,7,0,0,0,0,0,Six months
Agência de Desenvolvimento do Vale do Zambeze,agencia_do_zambeze,1,0,0,2,0,0,2,0,0,0,0,0,Six months
Alliance of Religions and Conservation,alliance_of_religions_and_conservation,4,9,5,9,1,2,0,0,0,0,0,0,Six months
Business in the Community,bitc,0,0,0,0,0,0,2,0,0,0,0,0,Six months
CARE Nederland,carenederland,16,24,9,7,12,7,5,5,0,0,0,0,Six months
CNV Internationaal,nl-kvk-54436222-27541,26,1,0,27,0,0,20,0,0,0,0,0,Six months
CRANE,crane,3,0,0,2,0,0,2,0,0,0,0,0,Six months
Carbon Trust Advisory Ltd,carbontrustadvisory,12,0,0,9,0,0,1,0,0,0,0,0,Six months
Centre for Humanitarian Dialogue (HD Centre),hdcentre,0,0,0,1,0,0,1,0,0,0,0,0,Six months
Centre for Legal Research and Development,clerd-prpi,0,0,1,0,0,1,2,0,0,0,0,0,Six months
ChildHope UK,childhopeuk,3,1,0,0,0,2,0,0,0,0,0,0,Six months
Christian Blind Mission (UK) Ltd.,cbm,0,0,0,0,1,0,1,0,0,0,0,0,Six months
Concern Worldwide,concern_worldwide,41,6,10,37,9,10,32,0,0,0,0,0,Six months
Concern Worldwide UK,concernuk,27,8,8,27,8,4,28,0,0,0,0,0,Six months
Consortium for Street Children,csc,0,0,1,0,1,0,0,1,0,0,0,0,Six months
D. Capital Partners,dcapitalpartners,0,2,0,0,0,1,1,2,0,0,0,0,Six months
DUF - The Danish Youth Council,duf,0,0,0,0,1,0,1,0,0,0,0,0,Six months
Dawuro Development Association,dawuro_da,0,4,0,0,0,0,5,5,0,0,0,0,Six months
Democracy Reporting International gGmbH,dri,0,0,0,3,5,0,0,5,0,0,0,0,Six months
Disasters Emergency Committee,dec-uk,1,14,0,0,0,0,13,0,0,0,0,0,Six months
ECDPM,ecdpm,2,12,2,0,6,0,75,0,0,0,0,0,Six months
EDUCATION DEVELOPMENT TRUST - RWANDA,edt_rwanda,15,1,0,15,0,1,15,0,0,0,0,0,Six months
Education Development Trust,edt_kenya,79,0,0,1,78,0,77,0,0,0,0,0,Six months
Ethiopian Horticulture Producer Exporters Association (EHPEA),ehpea,1,0,0,0,0,1,0,0,0,0,0,0,Six months
European Investment Bank,eib,29,7,13,7,13,0,5,0,0,0,0,37,Six months
Farm Concern International,fci,1,0,0,2,0,0,2,0,0,0,0,0,Six months
Frontline AIDS,f-aids,64,11,2,60,4,3,2,0,0,0,0,0,Six months
Geneva Centre for the Democratic Control of Armed Forces (DCAF),dcaf,2,2,3,3,3,0,1,4,0,0,0,0,Six months
Geneva International Centre for Humanitarian Demining,gichd,7,0,0,6,0,0,4,0,0,0,0,0,Six months
Global Focus,globaltfokus,0,0,0,0,0,1,0,0,0,0,0,0,Six months
Global Innovation Fund,gif,3,1,1,1,1,2,0,0,0,0,0,0,Six months
GlobalGiving.org,globalgiving,520,233,231,459,338,794,2832,0,0,0,0,0,Six months
Gulu University,guluuni,1,0,0,1,0,0,1,0,0,0,0,0,Six months
Guttmacher Institute,guttmacher,2,0,0,4,1,5,2,0,0,0,0,0,Six months
HM Treasury,hmtfitb,0,0,1,0,1,0,1,0,0,0,0,0,Six months
Heartland Alliance International,ha-i,0,0,0,0,0,0,0,1,0,0,0,0,Six months
International Committee of the Red Cross (ICRC),icrc,562,492,521,526,501,528,497,155,0,0,0,0,Six months
International Media Support,ims,0,0,0,0,0,0,0,1,0,0,0,1,Six months
Internews Europe,ieu,0,5,0,0,23,0,0,26,0,0,0,0,Six months
Irise International,irise_int,2,0,1,2,0,1,2,0,0,0,0,0,Six months
Islamic Relief Worldwide,irw,2,0,1,7,3,2,1,0,0,0,0,0,Six months
King's College London,kingscollegelondon,1,0,0,1,0,0,1,0,0,0,0,0,Six months
Kwame Nkrumah University of Science and Technology,knust,0,0,0,0,0,2,0,0,0,0,0,0,Six months
Millennium Challenge Corporation,millenniumchallenge,0,1012,0,0,1044,0,0,876,0,0,0,0,Six months
Mzumbe University,m_u,1,0,0,1,0,0,1,0,0,0,0,0,Six months
Neem Foundation,neem,8,32,38,14,17,23,14,0,0,0,0,0,Six months
Opportunity International UK,opportunity-international-uk,0,0,0,2,0,1,4,0,0,0,0,0,Six months
Oxfam GB,oxfamgb,1754,591,0,1265,0,0,1349,0,0,0,0,0,Six months
Panos Institute West Africa (PIWA),ipao,0,0,0,1,0,0,4,0,0,0,0,0,Six months
Partnership for African Social & Governance Research (PASGR),pasgr,0,0,1,1,0,1,1,0,0,0,0,0,Six months
Penal Reform International,pri,16,17,21,13,14,19,18,75,0,0,0,0,Six months
Population Media Center,pmc,0,0,0,0,1,0,0,1,0,0,0,0,Six months
Population Services Kenya,pskenya_19,0,0,0,0,0,0,0,11,0,0,0,0,Six months
Publish What You Fund,pwyf,41,43,51,38,42,43,37,0,0,0,0,0,Six months
Rainforest Alliance,rainforest-alliance,0,11,0,2,1,0,1,0,0,0,0,0,Six months
Results for Development,r4d,0,0,0,0,0,0,2,0,0,0,0,0,Six months
Royal Tropical Institute,kit,0,1,0,0,0,0,0,7,0,0,0,0,Six months
Rutgers,rutgers,35,8,4,4,14,1,16,0,0,0,0,0,Six months
SOS Children's Villages The Netherlands,sosnl,11,5,5,0,0,0,0,3,0,0,0,0,Six months
SPARK,spark,3,1,0,1,0,2,0,0,0,0,0,0,Six months
Seefar,seefar,0,0,0,0,38,130,106,0,0,0,0,0,Six months
Self Help Africa,self-help-africa,0,0,0,0,0,0,0,107,0,0,0,0,Six months
Send a Cow Ethiopia,sacethiopia,0,13,0,0,0,0,5,7,0,0,0,0,Six months
Siren Associates,siren,0,0,1,5,0,0,5,0,0,0,0,0,Six months
Sonke Gender Justice,sjg,3,2,0,2,0,3,2,0,0,0,0,0,Six months
Stichting Aidenvironment,aidenvironment,0,0,0,0,0,0,0,6,0,0,0,0,Six months
Stichting fondsbeheer DGGF lokaal MKB,dggf_financing_local_smes,7,10,5,8,12,10,6,10,0,0,0,0,Six months
Tameer-e-Khalaq Foundation,tkf1234,0,0,0,0,0,1,0,1,0,0,0,0,Six months
The Access to Nutrition Foundation,atnf,7,0,0,6,0,0,6,0,0,0,0,0,Six months
The Global Alliance for Improved Nutrition,gain,0,0,0,182,0,0,0,1,0,0,0,0,Six months
The Louis Berger Group Inc.,lbg,1,2,2,3,3,3,7,0,0,0,0,0,Six months
The Power of Nutrition,the_power_of_nutrition,2,0,0,0,1,1,0,0,0,0,0,0,Six months
"The University of Dodoma (UDOM), Tanzania",udom,1,0,0,3,0,0,2,0,0,0,0,0,Six months
The University of Manchester,uom,0,4,0,0,2,0,0,2,0,0,0,0,Six months
Traidcraft Exchange,traidcraft,2,0,0,3,0,0,3,0,0,0,0,0,Six months
Transnational Institute,tni,3,0,0,3,0,0,3,0,0,0,0,0,Six months
Transparency International UK,ti-uk,2,0,1,1,0,1,2,0,0,0,0,0,Six months
UK - Ministry of Defence,ukmod,8,0,0,10,0,9,1,0,0,0,0,0,Six months
Uganda Martyrs University,umu,1,0,0,1,0,0,1,0,0,0,0,0,Six months
United Nations Foundation,unf,7,0,1,0,0,1,0,2,0,0,0,0,Six months
VNG International,vngi,1,1,0,1,0,0,1,0,0,0,0,0,Six months
Viva,viva,4,0,0,3,0,0,3,0,0,0,0,0,Six months
Voluntary Service Overseas (VSO),vso,157,1,1,8,1,1,5,0,0,0,0,0,Six months
Wageningen University & Research - Stichting Wageningen Research,wageningen_ur,0,1,0,0,0,1,0,0,0,0,0,0,Six months
War Child UK,wcuk,28,4,2,37,0,0,21,0,0,0,0,0,Six months
Women's Environment & Development Organization,wedo,4,0,1,4,0,0,4,0,0,0,0,0,Six months
World Benchmarking Alliance Foundation,wba,1,0,2,1,0,1,1,0,0,0,0,0,Six months
World Child Cancer UK,wccuk,1,0,0,0,1,0,1,0,0,0,0,0,Six months
World Vision Netherlands,wvnld,32,8,1,2,2,4,4,2,0,0,0,0,Six months
World Wide Fund for Nature Denmark,wwfdk,0,0,0,0,0,0,0,1,0,0,0,1,Six months
marysmeals,marysmeals,3,0,1,3,0,0,2,0,0,0,0,0,Six months
partos,partos_nl,19,0,0,7,1,0,7,0,0,0,0,0,Six months
ABAAD - Resource Center for Gender Equality,arcfge,0,1,0,1,0,0,0,0,0,0,0,1,One year
ADRA-UK,adrauk,1,0,0,1,0,0,0,0,0,0,0,0,One year
AECOM,aecom,0,3,2,0,0,0,0,0,0,0,0,0,One year
AWEPA,awepa,1,0,0,0,0,0,0,0,0,0,0,0,One year
Accelerator Nepal,acceleratornepal,0,2,2,0,0,0,0,0,0,0,0,0,One year
Accountability Lab,alab,0,0,0,0,33,0,0,0,0,0,0,0,One year
Adam Smith International,asi,11,5,3,1,0,0,0,0,0,0,0,0,One year
African Parks Network,african_parks,0,0,0,0,3,0,0,0,0,0,0,0,One year
AgDevCo,agdevco,1,9,0,0,0,0,0,0,0,0,0,0,One year
Aga Khan Foundation Afghanistan,akf_afghanistan,0,0,0,1,0,0,0,0,0,0,0,0,One year
Amref Health Africa Headquarters,amrefhq,1,0,0,0,0,0,0,0,0,0,0,0,One year
Amref Health Africa Malawi,amrefmw,0,0,0,2,0,0,0,0,0,0,0,0,One year
Amref Health Africa in Ethiopia,amrefeth,0,0,0,0,1,0,0,0,0,0,0,0,One year
Amref Health Africa in Kenya,amrefkenya,1,0,0,2,0,0,0,0,0,0,0,0,One year
Amref Health Africa in Tanzania,amreftz,0,0,0,0,0,0,0,0,0,0,0,0,One year
Ashoka East Africa,ashoka,1,0,0,0,0,0,0,0,0,0,0,0,One year
Avanti Communications Plc,ava_admin,4,0,0,0,0,0,0,0,0,0,0,0,One year
BBC Media Action,bbcmediaaction,0,1,0,0,0,0,0,0,0,0,0,0,One year
Bond,bond,1,0,0,0,0,0,0,0,0,0,0,0,One year
British Council,britishcouncil,16,2,0,0,0,0,0,0,0,0,0,0,One year
Broederlijk Delen,bd,0,0,2,0,0,0,0,0,0,0,0,0,One year
CARE BENIN/TOGO,carebenintogo,2,0,0,0,0,0,0,0,0,0,0,0,One year
CARE Nepal,cnepal,4,4,3,0,0,0,0,0,0,0,0,0,One year
CLASP,clasp,2,0,0,25,0,0,0,0,0,0,0,0,One year
COMMISSION JUSTICE ET PAIX ASBL (cjp),cjp,0,0,0,0,0,0,0,0,0,0,0,0,One year
Chance for Childhood,chanceforchildhood,0,3,0,0,0,0,0,0,0,0,0,0,One year
Chemonics International Inc.,chemonics,8,0,0,7,0,0,0,0,0,0,0,0,One year
Climate Investment Funds,cif,3,0,0,0,0,0,0,0,0,0,0,0,One year
Comité pour l'abolition des dettes illégitimes,cadtm,0,4,0,0,0,0,0,0,0,0,0,0,One year
"Conflict, Stability and Security Fund",cssf,0,75,0,0,0,0,0,0,0,0,0,0,One year
Croix-Rouge de Belgique Communauté francophone - Activités internationales ASBL,crb-ai_admin,0,0,0,0,0,0,0,0,0,0,0,0,One year
DKT Ethiopia,dkt_ethiopia,3,0,1,2,0,0,0,0,0,0,0,0,One year
Danish Family Planning Association,dfpa,0,0,0,0,1,0,0,0,0,0,0,1,One year
Danish Red Cross,danishrc,0,0,0,0,2,0,0,0,0,0,0,0,One year
Danmission,danmission,0,0,0,0,1,0,0,0,0,0,0,1,One year
Dansk Missionråds Udviklingsafdeling,dmru,0,0,0,0,2,0,0,0,0,0,0,2,One year
Data4Development,d4d,1,0,0,0,0,0,0,0,0,0,0,0,One year
Direcção Provincial de Saúde de Nampula,dps-nampula,5,0,0,0,1,0,0,0,0,0,0,0,One year
"Discovery Learning Alliance, Inc.",dla,10,0,0,11,0,0,0,0,0,0,0,0,One year
Djapo,djapo,0,0,0,0,0,0,0,0,0,0,0,0,One year
Edukans Foundation,edukans_foundation,7,11,5,0,0,0,0,0,0,0,0,0,One year
Energy Saving Trust,energy_saving_trust,1,1,0,0,3,0,0,0,0,0,0,0,One year
FHI360,fhi360,0,1,0,0,0,0,0,0,0,0,0,0,One year
FMO,fmo,5,5,6,6,0,0,0,0,0,0,0,0,One year
Food and Agriculture Organization of the United Nations (FAO),fao,3683,0,0,3203,0,0,0,0,0,0,0,0,One year
Friends of Publish What You Fund,friendsofpwyf,1,1,1,0,0,0,0,0,0,0,0,0,One year
Friends of the Earth International,foei,0,1,0,0,0,0,0,0,0,0,0,0,One year
Giro555 (Stichting Samenwerkende Hulporganisaties),giro555,0,0,0,0,0,0,0,0,0,0,0,0,One year
Health Insurance Fund,hif,0,0,0,2,0,0,0,0,0,0,0,0,One year
"Institut National de l'Eau, Benin",ine_benin,0,2,0,0,2,0,0,0,0,0,0,0,One year
Institut de Formation Syndical International - Internationaal Syndicaal Vormingsinstituut,ifsi_isvi,70,0,0,0,0,0,0,0,0,0,0,0,One year
Integrity Research and Consultancy Ltd,integrity,1,3,2,3,0,0,0,0,0,0,0,0,One year
International Alert,international-alert,1,0,0,0,0,0,0,0,0,0,0,0,One year
International Bureau of Fiscal Documentation (IBFD),ibfd,0,0,0,0,6,0,0,0,0,0,0,0,One year
International Center for Not-for-Profit Law,icnl_org,0,0,0,6,1,0,0,0,0,0,0,0,One year
International Council of Voluntary Agencies,icva,1,0,0,0,0,0,0,0,0,0,0,0,One year
International Fertilizer Development Center,ifdc-us,0,0,0,0,0,0,0,0,0,0,0,0,One year
International Trade Centre (ITC),itc,83,6,3,80,0,0,0,0,0,0,0,0,One year
Iraq Foundation,iraq_foundation,0,0,0,1,0,0,0,0,0,0,0,0,One year
Joshua Orphan and Community Care,jocc_uk,2,0,0,0,0,0,0,0,0,0,0,0,One year
KPMG LLP,kpmgllp,1,22,0,0,0,0,0,0,0,0,0,0,One year
LAMB Health Care Foundation,lhcf,2,0,0,0,0,0,0,0,0,0,0,0,One year
LIWA programme trust,liwa-admin,1,0,0,0,0,0,0,0,0,0,0,0,One year
Le Monde selon les femmes asbl,mondefemmes,0,0,0,0,0,0,0,0,0,0,0,0,One year
Light For The World Belgium,lftw-be,0,0,0,0,0,0,0,0,0,0,0,0,One year
Link Community Development International,lcdi_admin,3,1,0,0,0,0,0,0,0,0,0,0,One year
MDF Global,mdf,3,0,0,6,0,0,0,0,0,0,0,0,One year
Max Foundation,max-foundation,0,0,2,0,0,0,0,0,0,0,0,0,One year
Medair,medair,2,0,0,0,0,0,0,0,0,0,0,0,One year
Milieudefensie,foenl,0,5,1,26,10,0,0,0,0,0,0,0,One year
"Namati, Inc",namati_inc,2,0,2,6,0,0,0,0,0,0,0,0,One year
National Coalition of Human Rights Defenders - Kenya,nchrdk,1,0,0,0,0,0,0,0,0,0,0,0,One year
Nepal Disabled Human Rights Center,dhrc_nepal,6,0,0,0,0,0,0,0,0,0,0,0,One year
Netherlands Space Office,nso,1,0,0,0,0,0,0,0,0,0,0,0,One year
Ngo-federatie (Vlaamse federatie van ngo's voor ontwikkelingssamenwerking),ngo-federatie,0,0,0,0,0,0,0,0,0,0,0,0,One year
Northern Network for Education Development,nned,1,0,0,0,0,0,0,0,0,0,0,0,One year
ODI Sales Limited,odi_sales_ltd,5,0,0,0,0,0,0,0,0,0,0,0,One year
OECD,oecd,0,0,1,0,0,0,0,0,0,0,0,0,One year
Opportunity International Savings and Loans Ltd,oisl_gh,1,0,0,0,0,0,0,0,0,0,0,0,One year
Orbis Africa,orbis_africa,3,1,1,1,0,0,0,0,0,0,0,0,One year
Overseas Development Institute,odi,15,0,0,0,0,0,0,0,0,0,0,0,One year
Oxford Policy Management,opml,0,0,0,0,0,0,0,0,0,0,0,0,One year
PEAS (Promoting Equality in African Schools),peas,1,0,0,0,0,0,0,0,0,0,0,0,One year
PRACTICA Foundation,practica,2,0,1,0,0,0,0,0,0,0,0,0,One year
PRI Association,pri_icf,1,0,0,1,0,0,0,0,0,0,0,0,One year
Plan International Belgium,pib,0,1,0,0,0,0,0,0,0,0,0,0,One year
Population Service International,psi,3,0,0,0,0,0,0,0,0,0,0,0,One year
RUAF Foundation,ruaf,0,3,0,0,0,0,0,0,0,0,0,0,One year
Rikolto,rikolto,17,0,0,0,0,0,0,0,0,0,0,0,One year
Rode Kruis-Vlaanderen Internationaal vzw,rkiv,0,5,0,0,0,0,0,0,0,0,0,0,One year
Social Development Direct Limited,sddirect,14,20,0,0,0,0,0,0,0,0,0,0,One year
Solsoc,solsoc,8,0,0,0,0,0,0,0,0,0,0,0,One year
Sound Seekers Limited,soundseekers,0,1,0,0,0,0,0,0,0,0,0,0,One year
Stichting Liliane Fonds,slf,1,1,1,1,1,0,0,0,0,0,0,0,One year
Stichting Nederlands Instituut voor Internationale Betrekkingen 'Clingendael',clingendael,1,0,0,0,0,0,0,0,0,0,0,0,One year
Studio Globo,sg,0,0,2,0,0,0,0,0,0,0,0,0,One year
Support Trust for Africa Development (STAD),stad,1,1,0,4,1,0,0,0,0,0,0,0,One year
Syrian Center for Media and Freedom of Expression,scm,22,25,19,19,0,0,0,0,0,0,0,0,One year
The Hunger Project Netherlands,thp_org,0,0,0,0,0,0,0,0,0,0,0,0,One year
The OPEC Fund for International Development (OFID),ofid,1,1436,0,0,0,0,0,0,0,0,0,0,One year
Timidria,timidria,0,0,0,0,0,0,0,0,0,0,0,0,One year
Trocaire,trocaire,5,12,8,3,3,0,0,0,0,0,0,0,One year
Trocaire (Northern Ireland),troc,4,1,1,5,8,0,0,0,0,0,0,0,One year
"UK - Department for Digital, Culture, Media and Sport",dcms,11,6,5,5,1,0,0,0,0,0,0,0,One year
UWEZO Youth Empowerment,uwezo_youth_empowerment,0,3,0,0,1,0,0,0,0,0,0,0,One year
Unicef Belgium National Committee,ub,1,0,0,0,0,0,0,0,0,0,0,0,One year
United Nations Joint Programme on HIV and AIDS Secretariat (UNAIDS),unaids,0,361,0,1,0,0,0,0,0,0,0,0,One year
United Work,united_work,0,0,0,0,1,0,0,0,0,0,0,0,One year
University of Nottingham,uni_of_nottingham,1,0,0,1,0,0,0,0,0,0,0,0,One year
VVSG - Vereniging van Vlaamse Steden en Gemeenten,vvsg,1,0,0,0,0,0,0,0,0,0,0,0,One year
"WO=MEN, Dutch Gender Platform",wo-men,0,0,1,0,0,0,0,0,0,0,0,0,One year
Water Witness International,water-witness-international,1,0,0,0,0,0,0,0,0,0,0,0,One year
Wolayita Development Association,woda_0486,0,5,0,0,0,0,0,0,0,0,0,0,One year
Women's Global Network on Reproductive Rights,wgnrr_iati,0,0,0,4,0,0,0,0,0,0,0,0,One year
World Vegetable Center,worldveg,0,5,0,0,0,0,0,0,0,0,0,0,One year
World Vision Zimbabwe,wvz-gec,5,0,0,0,0,0,0,0,0,0,0,0,One year
YWCA of Bangladesh,ywcabd,0,2,0,0,0,0,0,0,0,0,0,0,One year
Yamaan Foundation for Health and Social Development,yffhsd,0,0,0,1,0,0,0,0,0,0,0,0,One year
ACTED,acted,0,0,0,0,0,0,0,0,0,0,0,0,More than one year
ACTION AGAINST HUNGER SPAIN,acfspain,0,0,0,0,0,0,0,0,0,0,0,0,More than one year
ADS-Nyanza,ads-nyanza,0,0,0,0,0,0,0,0,0,0,0,0,More than one year
AIDSPAN,aidspan,0,0,0,0,0,0,0,0,0,0,0,0,More than one year
ANDA,anda,0,0,0,0,0,0,0,0,0,0,0,0,More than one year
APPRO-Europe,appro-eu,0,0,0,0,0,0,0,0,0,0,0,0,More than one year
ARK (Absolute Return for Kids),ark,0,0,0,0,0,0,0,0,0,0,0,0,More than one year
AVSI FOUNDATION IN UGANDA,avsi_uganda,0,0,0,0,0,0,0,0,0,0,0,0,More than one year
AVT-L Association of Victims of Terrorism Lebanon,avt-l,0,0,0,0,0,0,0,0,0,0,0,0,More than one year
Aapasi Sahayog Kendra Syangja Nepal (ASK Nepal),ask,0,0,0,0,0,0,0,0,0,0,0,0,More than one year
Aasaman Nepal,aasaman,0,0,0,0,0,0,0,0,0,0,0,0,More than one year
Abaseen Foundation UK,abaseen,0,0,0,0,0,0,0,0,0,0,0,0,More than one year
Abt Associates Inc,abt,0,0,0,0,0,0,0,0,0,0,0,0,More than one year
Académie de recherche et d'enseignement supérieur,ares,0,0,0,0,0,0,0,0,0,0,0,0,More than one year
Access to Seeds Foundation,atsf,0,0,0,0,0,0,0,0,0,0,0,0,More than one year
Accountable Now,accountablenow,0,0,0,0,0,0,0,0,0,0,0,0,More than one year
Acid Survivors Foundation,_admin,0,0,0,0,0,0,0,0,0,0,0,0,More than one year
Across,across,0,0,0,0,0,0,0,0,0,0,0,0,More than one year
Action Against Hunger USA,aahusa,0,0,0,0,0,0,0,0,0,0,0,0,More than one year
Adaptation Fund,af,0,0,0,0,0,0,0,0,0,0,0,0,More than one year
Adventist Development and Relief Agency (ADRA Somalia),adrasom,0,0,0,0,0,0,0,0,0,0,0,0,More than one year
"Adventist Development and Relief Agency, Nepal",adra_nepal,0,0,0,0,0,0,0,0,0,0,0,0,More than one year
Aeras,aeras,0,0,0,0,0,0,0,0,0,0,0,0,More than one year
Afghanistan and Central Asian Association,acaa,0,0,0,0,0,0,0,0,0,0,0,0,More than one year
AfriKids,afrikids,0,0,0,0,0,0,0,0,0,0,0,0,More than one year
Africa Educational Trust,aet,0,0,0,0,0,0,0,0,0,0,0,0,More than one year
Africalia,africalia,0,0,0,0,0,0,0,0,0,0,0,0,More than one year
African Centre for Global Health and Social Transformation,achest,0,0,0,0,0,0,0,0,0,0,0,0,More than one year
African Population and Health Research Center,aphrc,0,0,0,0,0,0,0,0,0,0,0,0,More than one year
African Revival,africanrevival,0,0,0,0,0,0,0,0,0,0,0,0,More than one year
Afrikagrupperna Sweden,afrikagrupperna,0,0,0,0,0,0,0,0,0,0,0,0,More than one year
AgResults Initiative,agresults,0,0,0,0,0,0,0,0,0,0,0,0,More than one year
Agence Nationale d'Approvisionnement en Eau Potable en Milieu Rural du Benin,anaepmr_benin,0,0,0,0,0,0,0,0,0,0,0,0,More than one year
Agency for Cooperation and Research in Development (ACORD),acord,0,0,0,0,0,0,0,0,0,0,0,0,More than one year
AgriProFocus,agriprofocus,0,0,0,0,0,0,0,0,0,0,0,0,More than one year
Agulhas Applied Knowledge,aak,0,0,0,0,0,0,0,0,0,0,0,0,More than one year
AidData,aiddata,0,0,0,0,0,0,0,0,0,0,0,0,More than one year
Ajuda de Desenvolvimento de Povo para Povo (ADPP),adpp,0,0,0,0,0,0,0,0,0,0,0,0,More than one year
Aktis Strategy Ltd,aktis,0,0,0,0,0,0,0,0,0,0,0,0,More than one year
Alcis Holdings Limited,alcis,0,0,0,0,0,0,0,0,0,0,0,0,More than one year
Alfalit,alfalit,0,0,0,0,0,0,0,0,0,0,0,0,More than one year
All We Can (formerly Methodist Relief and Development Fund),allwecan,0,0,0,0,0,0,0,0,0,0,0,0,More than one year
American Friends Service Committee,afsc,0,0,0,0,0,0,0,0,0,0,0,0,More than one year
Amnesty International The Netherlands,amnesty,0,0,0,0,0,0,0,0,0,0,0,0,More than one year
Amnesty International UK Section Charitable Trust,aiuk,0,0,0,0,0,0,0,0,0,0,0,0,More than one year
Amref Health Africa in Uganda,amrefug,0,0,0,0,0,0,0,0,0,0,0,0,More than one year
Ananda Marga Universal Relief Team (AMURT) Africa,amurt_kenya,0,0,0,0,0,0,0,0,0,0,0,0,More than one year
Aqua for All,aqua4all,0,0,0,0,0,0,0,0,0,0,0,0,More than one year
Arab foundation for freedoms and equality,afemena,0,0,0,0,0,0,0,0,0,0,0,0,More than one year
Article19,art19,0,0,0,0,0,0,0,0,0,0,0,0,More than one year
Association Centrafricaine de Traduction de la Bible et Alphabetisation,acatba,0,0,0,0,0,0,0,0,0,0,0,0,More than one year
Association for Progressive Communication,apc,0,0,0,0,0,0,0,0,0,0,0,0,More than one year
Association for Reproductive and Family Health,arfh,0,0,0,0,0,0,0,0,0,0,0,0,More than one year
Association for Women's Rights in Development (AWID),awid,0,0,0,0,0,0,0,0,0,0,0,0,More than one year
Association of Commonwealth Universities,acu,0,0,0,0,0,0,0,0,0,0,0,0,More than one year
Atos IT Services Ltd,atosuk,0,0,0,0,0,0,0,0,0,0,0,0,More than one year
Atradius Dutch State Business,adsb,0,0,0,0,0,0,0,0,0,0,0,0,More than one year
Auschwitz Institute for Peace and Reconciliation,aipr,0,0,0,0,0,0,0,0,0,0,0,0,More than one year
Auto-Développement Afrique (ADA),ada,0,0,0,0,0,0,0,0,0,0,0,0,More than one year
BRAC,brac_admin2,0,0,0,0,0,0,0,0,0,0,0,0,More than one year
BRAC International,bracintl,0,0,0,0,0,0,0,0,0,0,0,0,More than one year
BSR,bsr_admin,0,0,0,0,0,0,0,0,0,0,0,0,More than one year
Backward Society Education (BASE),base_22,0,0,0,0,0,0,0,0,0,0,0,0,More than one year
Bangladesh Nari Progati Sangha,bnps,0,0,0,0,0,0,0,0,0,0,0,0,More than one year
BasicNeeds,basicneeds,0,0,0,0,0,0,0,0,0,0,0,0,More than one year
Baylor College of Medicine Children's Foundation Malawi,bcm-cf,0,0,0,0,0,0,0,0,0,0,0,0,More than one year
Bees Abroad UK,bauk,0,0,0,0,0,0,0,0,0,0,0,0,More than one year
Belgian development agency (Enabel),enabel,0,0,0,0,0,0,0,0,0,0,0,0,More than one year
Berytech Foundation,berytech,0,0,0,0,0,0,0,0,0,0,0,0,More than one year
Bill & Melinda Gates Foundation,bmgf,0,0,0,0,0,0,0,0,0,0,0,0,More than one year
Bioclimate Research and Development,bioclimate,0,0,0,0,0,0,0,0,0,0,0,0,More than one year
Blue Ventures Conservation,blueventures,0,0,0,0,0,0,0,0,0,0,0,0,More than one year
Brigham and Women's Hospital,bwh,0,0,0,0,0,0,0,0,0,0,0,0,More than one year
British Asian Trust,b_a_t,0,0,0,0,0,0,0,0,0,0,0,0,More than one year
Brujula Comunicaciones Estrategicas SAS,brujula,0,0,0,0,0,0,0,0,0,0,0,0,More than one year
Bucks Community NGO,bucksfarm,0,0,0,0,0,0,0,0,0,0,0,0,More than one year
Burns Violence Survivors - Nepal,bvs-nepal,0,0,0,0,0,0,0,0,0,0,0,0,More than one year
C40 Cities Climate Leadership Group,c40cities,0,0,0,0,0,0,0,0,0,0,0,0,More than one year
CARE International Afghanistan,ciafg,0,0,0,0,0,0,0,0,0,0,0,0,More than one year
CARE International in Zimbabwe,ciz,0,0,0,0,0,0,0,0,0,0,0,0,More than one year
CDA Collaborative Learning Projects,cda,0,0,0,0,0,0,0,0,0,0,0,0,More than one year
CDC Group plc,cdc,0,0,0,0,0,0,0,0,0,0,0,0,More than one year
CHEKA SANA TANZANIA,cst,0,0,0,0,0,0,0,0,0,0,0,0,More than one year
CIFAL Scotland,cifal,0,0,0,0,0,0,0,0,0,0,0,0,More than one year
CINI,cini_jhk,0,0,0,0,0,0,0,0,0,0,0,0,More than one year
CODA International,coda,0,0,0,0,0,0,0,0,0,0,0,0,More than one year
CREA,creausa-org,0,0,0,0,0,0,0,0,0,0,0,0,More than one year
CUAMM Trustees,cuammtrustees,0,0,0,0,0,0,0,0,0,0,0,0,More than one year
Canada Department of Finance / Ministère des Finances Canada,finance_canada,0,0,0,0,0,0,0,0,0,0,0,0,More than one year
Canon Collins Trust,canoncollinstrust,0,0,0,0,0,0,0,0,0,0,0,0,More than one year
Carers Worldwide,cww,0,0,0,0,0,0,0,0,0,0,0,0,More than one year
Caritas Finland,caritasfin,0,0,0,0,0,0,0,0,0,0,0,0,More than one year
Caritas Serbia,caritas_serbia,0,0,0,0,0,0,0,0,0,0,0,0,More than one year
Cecily's Fund,cecily,0,0,0,0,0,0,0,0,0,0,0,0,More than one year
Center for International Studies and Cooperation,ceci,0,0,0,0,0,0,0,0,0,0,0,0,More than one year
Center for Research on Environment Health and Population Activities (CREHPA),crehpa,0,0,0,0,0,0,0,0,0,0,0,0,More than one year
Centre For Citizens With Disabilities,ccdnigeria,0,0,0,0,0,0,0,0,0,0,0,0,More than one year
Centre for Economic Policy Research,cepr,0,0,0,0,0,0,0,0,0,0,0,0,More than one year
Centre for Environment Human Rights and Development,cehrd1,0,0,0,0,0,0,0,0,0,0,0,0,More than one year
Centre for Indian Knowledge Systems,ciks,0,0,0,0,0,0,0,0,0,0,0,0,More than one year
Centre for the Study of Adolescence,csa-kenya,0,0,0,0,0,0,0,0,0,0,0,0,More than one year
Centro de Promocion y Defensa de los Derechos Sexuales y Reproductivos,promsex,0,0,0,0,0,0,0,0,0,0,0,0,More than one year
Cesvi,cesvi,0,0,0,0,0,0,0,0,0,0,0,0,More than one year
Chama cha Uzazi na Malezi Bora Tanzania (UMATI),umati,0,0,0,0,0,0,0,0,0,0,0,0,More than one year
Cheshire Services Uganda,csu,0,0,0,0,0,0,0,0,0,0,0,0,More than one year
Child-to-Child,ctc,0,0,0,0,0,0,0,0,0,0,0,0,More than one year
ChildFund International,childfund,0,0,0,0,0,0,0,0,0,0,0,0,More than one year
Children in Crisis,cic,0,0,0,0,0,0,0,0,0,0,0,0,More than one year
Children in Crossfire,cicni,0,0,0,0,0,0,0,0,0,0,0,0,More than one year
Christian Aid Ireland,caid_ireland,0,0,0,0,0,0,0,0,0,0,0,0,More than one year
Christian Engineers in Development,ced,0,0,0,0,0,0,0,0,0,0,0,0,More than one year
Clean Clothes Campaign,ccc,0,0,0,0,0,0,0,0,0,0,0,0,More than one year
Climate Policy Initiative,cpi,0,0,0,0,0,0,0,0,0,0,0,0,More than one year
ColaLife,colalife,0,0,0,0,0,0,0,0,0,0,0,0,More than one year
Commune de Adja-Ouere - Bénin,adja-ouere,0,0,0,0,0,0,0,0,0,0,0,0,More than one year
Commune de Adjarra - Bénin,adjarra,0,0,0,0,0,0,0,0,0,0,0,0,More than one year
Commune de Adjohoun - Bénin,adjohoun,0,0,0,0,0,0,0,0,0,0,0,0,More than one year
Commune de Akpro-Missérété - Bénin,akpro-misserete,0,0,0,0,0,0,0,0,0,0,0,0,More than one year
Commune de Allada - Bénin,allada,0,0,0,0,0,0,0,0,0,0,0,0,More than one year
Commune de Aplahoué - Bénin,aplahoue,0,0,0,0,0,0,0,0,0,0,0,0,More than one year
Commune de Avrankou - Bénin,avrankou,0,0,0,0,0,0,0,0,0,0,0,0,More than one year
Commune de Bopa - Bénin,bopa,0,0,0,0,0,0,0,0,0,0,0,0,More than one year
Commune de Comè - Bénin,come,0,0,0,0,0,0,0,0,0,0,0,0,More than one year
Commune de Dangbo - Benin,dangbo,0,0,0,0,0,0,0,0,0,0,0,0,More than one year
Commune de Ifangni - Bénin,ifangni,0,0,0,0,0,0,0,0,0,0,0,0,More than one year
Commune de Klouékanmè - Bénin,klouekanme,0,0,0,0,0,0,0,0,0,0,0,0,More than one year
Commune de Kpomassè - Bénin,kpomasse,0,0,0,0,0,0,0,0,0,0,0,0,More than one year
Commune de Kétou - Bénin,ketou,0,0,0,0,0,0,0,0,0,0,0,0,More than one year
Commune de Lalo - Bénin,lalo,0,0,0,0,0,0,0,0,0,0,0,0,More than one year
Commune de Parakou - Bénin,parakou,0,0,0,0,0,0,0,0,0,0,0,0,More than one year
Commune de Pobè - Bénin,pobe,0,0,0,0,0,0,0,0,0,0,0,0,More than one year
Commune de Toffo - Bénin,toffo,0,0,0,0,0,0,0,0,0,0,0,0,More than one year
Commune de Toviklin - Bénin,toviklin,0,0,0,0,0,0,0,0,0,0,0,0,More than one year
Commune de Zè - Bénin,ze,0,0,0,0,0,0,0,0,0,0,0,0,More than one year
Conflict Dynamics International,cdi,0,0,0,0,0,0,0,0,0,0,0,0,More than one year
Construction Sector Transparency Initiative (CoST),cost_uk,0,0,0,0,0,0,0,0,0,0,0,0,More than one year
Coopération par l'Education et la Culture,cec,0,0,0,0,0,0,0,0,0,0,0,0,More than one year
Cord,cord,0,0,0,0,0,0,0,0,0,0,0,0,More than one year
Cross-Government Prosperity Fund,prosperityfund,0,0,0,0,0,0,0,0,0,0,0,0,More than one year
Cyan International,cyan,0,0,0,0,0,0,0,0,0,0,0,0,More than one year
DAI Global Health,healthpartners-international,0,0,0,0,0,0,0,0,0,0,0,0,More than one year
DECP,decp,0,0,0,0,0,0,0,0,0,0,0,0,More than one year
DKT - (Pakistan),dkt,0,0,0,0,0,0,0,0,0,0,0,0,More than one year
DNH Mali (Direction Nationale de l’Hydraulique du Mali),pca-gire,0,0,0,0,0,0,0,0,0,0,0,0,More than one year
Delivery Associates Ltd,delivery_associates,0,0,0,0,0,0,0,0,0,0,0,0,More than one year
Deloitte Touche Tohmatsu India LLP,dttillp,0,0,0,0,0,0,0,0,0,0,0,0,More than one year
Democratic Governance Facility,dgf,0,0,0,0,0,0,0,0,0,0,0,0,More than one year
Desmond Tutu HIV Foundation,dthfxx12,0,0,0,0,0,0,0,0,0,0,0,0,More than one year
Development Aid from People to People (DAPP) Malawi,dapp,0,0,0,0,0,0,0,0,0,0,0,0,More than one year
Development Initiatives Poverty Research,dipr,0,0,0,0,0,0,0,0,0,0,0,0,More than one year
Development Organisation of the Rural Poor,dorp-org,0,0,0,0,0,0,0,0,0,0,0,0,More than one year
Developments In Literacy Trust UK,diltuk,0,0,0,0,0,0,0,0,0,0,0,0,More than one year
Digital Campus,dc,0,0,0,0,0,0,0,0,0,0,0,0,More than one year
Disability Rights Advocacy Fund,draf,0,0,0,0,0,0,0,0,0,0,0,0,More than one year
Disability Rights Fund,drf,0,0,0,0,0,0,0,0,0,0,0,0,More than one year
Doctors of the World UK,dotw_uk,0,0,0,0,0,0,0,0,0,0,0,0,More than one year
Doctors with Africa CUAMM,cuamm,0,0,0,0,0,0,0,0,0,0,0,0,More than one year
Drugs for Neglected Diseases initiative,dndi_transparency,0,0,0,0,0,0,0,0,0,0,0,0,More than one year
Dóchas - Irish Association of Non Governmental Development Organisations,dochas,0,0,0,0,0,0,0,0,0,0,0,0,More than one year
Economic and Social Research Foundation (ESRF),esrf,0,0,0,0,0,0,0,0,0,0,0,0,More than one year
Ecorys Nederland B.V.,ecorysnl,0,0,0,0,0,0,0,0,0,0,0,0,More than one year
Educate!,educate,0,0,0,0,0,0,0,0,0,0,0,0,More than one year
Emissa,emissa,0,0,0,0,0,0,0,0,0,0,0,0,More than one year
Emmanuel International UK,eiuk,0,0,0,0,0,0,0,0,0,0,0,0,More than one year
Energy 4 Impact,e4i,0,0,0,0,0,0,0,0,0,0,0,0,More than one year
EngenderHealth Ethiopia,engenderhealth_eth,0,0,0,0,0,0,0,0,0,0,0,0,More than one year
Engineers Without Borders Canada,ewb_canada,0,0,0,0,0,0,0,0,0,0,0,0,More than one year
Enhanced Integrated Framework,eif,0,0,0,0,0,0,0,0,0,0,0,0,More than one year
Environmental Centre for Oil Spills and Gas Flaring (NACGOND),nacgond-,0,0,0,0,0,0,0,0,0,0,0,0,More than one year
Ethical Trading Initiative,eti,0,0,0,0,0,0,0,0,0,0,0,0,More than one year
European Institute of Peace,eip,0,0,0,0,0,0,0,0,0,0,0,0,More than one year
EveryChild,evc,0,0,0,0,0,0,0,0,0,0,0,0,More than one year
Excellent Development,excellent,0,0,0,0,0,0,0,0,0,0,0,0,More than one year
Exeter Ethiopia Link,eel,0,0,0,0,0,0,0,0,0,0,0,0,More than one year
FRANK Water,frankwater,0,0,0,0,0,0,0,0,0,0,0,0,More than one year
Fairfood International,fairfood,0,0,0,0,0,0,0,0,0,0,0,0,More than one year
Fairtrade Belgium,fairtrade_be,0,0,0,0,0,0,0,0,0,0,0,0,More than one year
Fairtrade Labelling Organizations International e.V.,fairtrade_international,0,0,0,0,0,0,0,0,0,0,0,0,More than one year
Family Aids Caring Trust,fact,0,0,0,0,0,0,0,0,0,0,0,0,More than one year
Family Counseling and Development Foundation,fcdf,0,0,0,0,0,0,0,0,0,0,0,0,More than one year
Family Guidance Association of Ethiopia,fgae_ethiopia,0,0,0,0,0,0,0,0,0,0,0,0,More than one year
Family Life Education Program,flepuganda,0,0,0,0,0,0,0,0,0,0,0,0,More than one year
Fauna & Flora International,ffi_publisher,0,0,0,0,0,0,0,0,0,0,0,0,More than one year
Fiabel,fiabel,0,0,0,0,0,0,0,0,0,0,0,0,More than one year
Find Your Feet,fyf,0,0,0,0,0,0,0,0,0,0,0,0,More than one year
Fondation Hirondelle,fh_ch,0,0,0,0,0,0,0,0,0,0,0,0,More than one year
Forests Monitor,fm,0,0,0,0,0,0,0,0,0,0,0,0,More than one year
Freedom Forum,ff,0,0,0,0,0,0,0,0,0,0,0,0,More than one year
Friends of Kipkelion,kipkelion,0,0,0,0,0,0,0,0,0,0,0,0,More than one year
"Friends of the Earth England, Wales and Northern Ireland",foe_ewni,0,0,0,0,0,0,0,0,0,0,0,0,More than one year
Friends of the Earth-Ghana,foe-ghana,0,0,0,0,0,0,0,0,0,0,0,0,More than one year
Fundacion Acceso,fundacion-acceso,0,0,0,0,0,0,0,0,0,0,0,0,More than one year
Fundación Oriéntame,orientame,0,0,0,0,0,0,0,0,0,0,0,0,More than one year
Fundo de Investimento e Patrimonio do Abastecimento de Água (FIPAG),fipag,0,0,0,0,0,0,0,0,0,0,0,0,More than one year
GEF Secretariat,gef,0,0,0,0,0,0,0,0,0,0,0,0,More than one year
GEMS Education Solutions,mgcubed,0,0,0,0,0,0,0,0,0,0,0,0,More than one year
GOGLA - Global Off-Grid Lighting Association,gogla,0,0,0,0,0,0,0,0,0,0,0,0,More than one year
Gender Links,gl,0,0,0,0,0,0,0,0,0,0,0,0,More than one year
Girls Not Brides: The Global Partnership to End Child Marriage,girlsnotbrides,0,0,0,0,0,0,0,0,0,0,0,0,More than one year
GiveDirectly,givedirectly,0,0,0,0,0,0,0,0,0,0,0,0,More than one year
Global Action Nepal,gan,0,0,0,0,0,0,0,0,0,0,0,0,More than one year
Global Alliance for TB Drug Development,tb-a,0,0,0,0,0,0,0,0,0,0,0,0,More than one year
Global Fund to End Modern Slavery,gfems,0,0,0,0,0,0,0,0,0,0,0,0,More than one year
Global Green Growth Institute (GGGI),gggi,0,0,0,0,0,0,0,0,0,0,0,0,More than one year
Global Network of People Living with HIV (GNP+),gnpplus,0,0,0,0,0,0,0,0,0,0,0,0,More than one year
Global Partnership for Education,gpe,0,0,0,0,0,0,0,0,0,0,0,0,More than one year
Groupe Pivot Santé Population,gpsp-org,0,0,0,0,0,0,0,0,0,0,0,0,More than one year
Grow Movement,growmovement_admin,0,0,0,0,0,0,0,0,0,0,0,0,More than one year
HTSPE,htspe,0,0,0,0,0,0,0,0,0,0,0,0,More than one year
Hagar International UK,hagar_uk,0,0,0,0,0,0,0,0,0,0,0,0,More than one year
Haiti Hospital Appeal,hha,0,0,0,0,0,0,0,0,0,0,0,0,More than one year
Hand in Hand International,handinhand,0,0,0,0,0,0,0,0,0,0,0,0,More than one year
Handicap International Federation,hi_fed,0,0,0,0,0,0,0,0,0,0,0,0,More than one year
Healthright International-Kenya,hri,0,0,0,0,0,0,0,0,0,0,0,0,More than one year
Heifer International South Africa,hsa,0,0,0,0,0,0,0,0,0,0,0,0,More than one year
Heifer Nederland,heifernederland,0,0,0,0,0,0,0,0,0,0,0,0,More than one year
Helvetas Swiss Intercooperation,hsi,0,0,0,0,0,0,0,0,0,0,0,0,More than one year
HiiL innovating Justice,hiil_mfa,0,0,0,0,0,0,0,0,0,0,0,0,More than one year
Hilfswerk Austria Zimbabwe,hwa-zm,0,0,0,0,0,0,0,0,0,0,0,0,More than one year
Homeless International,hi,0,0,0,0,0,0,0,0,0,0,0,0,More than one year
Horizons for Green Development,horizons,0,0,0,0,0,0,0,0,0,0,0,0,More than one year
Hospice Africa Ltd,hauk,0,0,0,0,0,0,0,0,0,0,0,0,More than one year
Human Relief Foundation,hrf,0,0,0,0,0,0,0,0,0,0,0,0,More than one year
I Choose Life Africa,ke-ngc-3372,0,0,0,0,0,0,0,0,0,0,0,0,More than one year
ICA:UK,icauk,0,0,0,0,0,0,0,0,0,0,0,0,More than one year
ICS,ics,0,0,0,0,0,0,0,0,0,0,0,0,More than one year
IDEO.org,ideo_org,0,0,0,0,0,0,0,0,0,0,0,0,More than one year
"IDH, the Sustainable Trade Initiative",idh,0,0,0,0,0,0,0,0,0,0,0,0,More than one year
IDinsight,idinsight,0,0,0,0,0,0,0,0,0,0,0,0,More than one year
IFOAM - Organics International,ifoam,0,0,0,0,0,0,0,0,0,0,0,0,More than one year
IMA World Health,us-imawh,0,0,0,0,0,0,0,0,0,0,0,0,More than one year
IOD PARC,iodparc,0,0,0,0,0,0,0,0,0,0,0,0,More than one year
IPE Global Limited,ipeglobal,0,0,0,0,0,0,0,0,0,0,0,7,More than one year
IREX (International Research and Exchange Board),irex,0,0,0,0,0,0,0,0,0,0,0,0,More than one year
Iles de Paix,idp,0,0,0,0,0,0,0,0,0,0,0,0,More than one year
Impunity Watch,iw_admin,0,0,0,0,0,0,0,0,0,0,0,0,More than one year
Index Initiative Foundation,iif,0,0,0,0,0,0,0,0,0,0,0,0,More than one year
Indigo Trust,indtrust,0,0,0,0,0,0,0,0,0,0,0,0,More than one year
Institute for War & Peace Reporting,iwpr,0,0,0,0,0,0,0,0,0,0,0,0,More than one year
InterAction,interaction,0,0,0,0,0,0,0,0,0,0,0,0,More than one year
InterClimate Network,icn,0,0,0,0,0,0,0,0,0,0,0,0,More than one year
Interact Worldwide,iww_publish,0,0,0,0,0,0,0,0,0,0,0,0,More than one year
International Aids Vaccine Initiative (IAVI),iavi,0,0,0,0,0,0,0,0,0,0,0,0,More than one year
International Center for Transitional Justice,ictj,0,0,0,0,0,0,0,0,0,0,0,0,More than one year
International Centre of Insect Physiology and Ecology (icipe),icipe,0,0,0,0,0,0,0,0,0,0,0,0,More than one year
International Child Development Initiatives,icdi,0,0,0,0,0,0,0,0,0,0,0,0,More than one year
International Climate Initiative / BMU - IKI Secretariat,bmu_iki,0,0,0,0,0,0,0,0,0,0,0,0,More than one year
International Federation of Accountants,ifac,0,0,0,0,0,0,0,0,0,0,0,0,More than one year
International IDEA,idea,0,0,0,0,0,0,0,0,0,0,0,0,More than one year
International Initiative for Impact Evaluation,3ie,0,0,0,0,0,0,0,0,0,0,0,0,More than one year
International Labour Organization (ILO),ilo,0,0,0,0,0,0,0,0,0,0,0,0,More than one year
International Monetary Fund,imf,0,0,0,0,0,0,0,0,0,0,0,0,More than one year
International NGO Safety Orgnisation,inso,0,0,0,0,0,0,0,0,0,0,0,0,More than one year
International Network for Bamboo and Rattan (INBAR),inbar,0,0,0,0,0,0,0,0,0,0,0,0,More than one year
International Network of People who Use Drugs (INPUD),inpud_admin,0,0,0,0,0,0,0,0,0,0,0,0,More than one year
International Procurement Agency,ipa,0,0,0,0,0,0,0,0,0,0,0,0,More than one year
International Service,unais,0,0,0,0,0,0,0,0,0,0,0,0,More than one year
International Treatment Preparedness Coalition (ITPC),itpc,0,0,0,0,0,0,0,0,0,0,0,0,More than one year
International Union for Conservation of Nature and Natural Resources,iucn,0,0,0,0,0,0,0,0,0,0,0,0,More than one year
International Youth Alliance for Family Planning,iyafp,0,0,0,0,0,0,0,0,0,0,0,0,More than one year
Interpeace,interpeace,0,0,0,0,0,0,0,0,0,0,0,0,More than one year
IntraHealth International,intrahealth,0,0,0,0,0,0,0,0,0,0,0,0,More than one year
Ireland - Department of Foreign Affairs and Trade,irishaid,0,0,0,0,0,0,0,0,0,0,0,0,More than one year
"Iringa Development of Youth, Disabled and Children Care",idydc,0,0,0,0,0,0,0,0,0,0,0,0,More than one year
Japan International Cooperation Agency (JICA),jica,0,0,0,0,0,0,0,0,0,0,0,0,More than one year
Jeevika Trust,jeevika_trust,0,0,0,0,0,0,0,0,0,0,0,0,More than one year
Just Associates,jass,0,0,0,0,0,0,0,0,0,0,0,0,More than one year
KIYO,kiyo,0,0,0,0,0,0,0,0,0,0,0,0,More than one year
Kadaster International,kad,0,0,0,0,0,0,0,0,0,0,0,0,More than one year
Karuna Trust,karuna,0,0,0,0,0,0,0,0,0,0,0,0,More than one year
Kenya National Commission on Human Rights,knchr,0,0,0,0,0,0,0,0,0,0,0,0,More than one year
Kepa ry,kepa,0,0,0,0,0,0,0,0,0,0,0,0,More than one year
Kesho Kenya,kesho_kenya,0,0,0,0,0,0,0,0,0,0,0,0,More than one year
Kisumu Medical and Education Trust,kmet,0,0,0,0,0,0,0,0,0,0,0,0,More than one year
Koninklijk Nederlands Meteorologisch Instituut,knmi,0,0,0,0,0,0,0,0,0,0,0,0,More than one year
KwaAfrica,kwaafrica,0,0,0,0,0,0,0,0,0,0,0,0,More than one year
LEAD International,lead_international,0,0,0,0,0,0,0,0,0,0,0,0,More than one year
LIGHT FOR THE WORLD The Netherlands,lftwnl,0,0,0,0,0,0,0,0,0,0,0,0,More than one year
Landell Mills,landell-mills,0,0,0,0,0,0,0,0,0,0,0,0,More than one year
Larive International,larive,0,0,0,0,0,0,0,0,0,0,0,0,More than one year
Learning for Life,learningforlife,0,0,0,0,0,0,0,0,0,0,0,0,More than one year
Lepra,lepra,0,0,0,0,0,0,0,0,0,0,0,0,More than one year
Link Community Development Scotland,lcds,0,0,0,0,0,0,0,0,0,0,0,0,More than one year
"Lithuania, Ministry of Foreign Affairs",lithuania_mfa,0,0,0,0,0,0,0,0,0,0,0,0,More than one year
Lively Minds,livelyminds,0,0,0,0,0,0,0,0,0,0,0,0,More than one year
Liverpool School of Tropical Medicine,lstm,0,0,0,0,0,0,0,0,0,0,0,0,More than one year
Living Earth Foundation,livingearth12,0,0,0,0,0,0,0,0,0,0,0,0,More than one year
Local Development and Small Projects Support,ldsps,0,0,0,0,0,0,0,0,0,0,0,0,More than one year
Louvain Coopération,lc,0,0,0,0,0,0,0,0,0,0,0,0,More than one year
MADE in Europe,mie-1134415,0,0,0,0,0,0,0,0,0,0,0,0,More than one year
MAMTA - Health Institute for Mother and Child,mamta_himc,0,0,0,0,0,0,0,0,0,0,0,0,More than one year
MICAIA,mic-uk,0,0,0,0,0,0,0,0,0,0,0,0,More than one year
Magariro,magariro,0,0,0,0,0,0,0,0,0,0,0,0,More than one year
MapAction,mapaction,0,0,0,0,0,0,0,0,0,0,0,0,More than one year
Mastercard Foundation,mastercard-foundation,0,0,0,0,0,0,0,0,0,0,0,0,More than one year
Maxwell Stamp PLC,mstamp,0,0,0,0,0,0,0,0,0,0,0,0,More than one year
McKinsey & Company,mck,0,0,0,0,0,0,0,0,0,0,0,0,More than one year
Medecins du Monde Belgique - Dokters van de Wereld Belgïe,medecins,0,0,0,0,0,0,0,0,0,0,0,0,More than one year
Medecins du Monde France,mdm-fr,0,0,0,0,0,0,0,0,0,0,0,0,More than one year
"Medical Research Centre (MRC), Sierra Leone",mrc-sierra-leone,0,0,0,0,0,0,0,0,0,0,0,0,More than one year
Meningitis Research Foundation,mrf,0,0,0,0,0,0,0,0,0,0,0,0,More than one year
Mensen met een Missie,mm1,0,0,0,0,0,0,0,0,0,0,0,0,More than one year
Mercy Corps Global,mcg,0,0,0,0,0,0,0,0,0,0,0,0,More than one year
Micro Insurance Academy,mia_india,0,0,0,0,0,0,0,0,0,0,0,0,More than one year
MicroLoan Foundation,mlf,0,0,0,0,0,0,0,0,0,0,0,0,More than one year
Mifumi UK,mifumi_uk,0,0,0,0,0,0,0,0,0,0,0,0,More than one year
Ministry of Foreign Affairs of  Japan,mofa-jpn,0,0,0,0,0,0,0,0,0,0,0,0,More than one year
Ministry of Foreign and European Affairs of the Slovak Republic,slovakaid,0,0,0,0,0,0,0,0,0,0,0,0,More than one year
Mondiaal FNV,mondiaalfnv,0,0,0,0,0,0,0,0,0,0,0,0,More than one year
Mukisa Foundation,mukisa_foundation,0,0,0,0,0,0,0,0,0,0,0,0,More than one year
Muslim Aid,muslimaid,0,0,0,0,0,0,0,0,0,0,0,0,More than one year
NGO Federation of Nepal,nfn,0,0,0,0,0,0,0,0,0,0,0,0,More than one year
Natural Resource Governance Institute (NRGI),nrgi,0,0,0,0,0,0,0,0,0,0,0,0,More than one year
"Natural Resources Institute, University of Greenwich.",nri,0,0,0,0,0,0,0,0,0,0,0,0,More than one year
Near East Foundation (NEF USA),nef_usa,0,0,0,0,0,0,0,0,0,0,0,0,More than one year
Near East Foundation Mali (NEF Mali),nef_mali,0,0,0,0,0,0,0,0,0,0,0,0,More than one year
Near East Foundation UK (NEF UK),nef-uk,0,0,0,0,0,0,0,0,0,0,0,0,More than one year
Netherlands Leprosy Relief,nlr,0,0,0,0,0,0,0,0,0,0,0,0,More than one year
Netherlands Organisation for Scientific Research (NWO),nwo,0,0,0,0,0,0,0,0,0,0,0,0,More than one year
Network For Enterprise Enhancement and Development Support,needs,0,0,0,0,0,0,0,0,0,0,0,0,More than one year
Network for Africa,network4africa,0,0,0,0,0,0,0,0,0,0,0,0,More than one year
Nonviolent Peaceforce South Sudan,npss,0,0,0,0,0,0,0,0,0,0,0,0,More than one year
Northern Rangelands Trust,nrt-kenya,0,0,0,0,0,0,0,0,0,0,0,0,More than one year
"NpM, Platform for Inclusive Finance",npm,0,0,0,0,0,0,0,0,0,0,0,0,More than one year
Nuffic,nuffic20171017,0,0,0,0,0,0,0,0,0,0,0,0,More than one year
Okapi Consulting,okapiconsulting,0,0,0,0,0,0,0,0,0,0,0,0,More than one year
Omidyar Network Fund Inc.,omidyarnetwork,0,0,0,0,0,0,0,0,0,0,0,0,More than one year
One Acre Fund,oneacrefund,0,0,0,0,0,0,0,0,0,0,0,0,More than one year
One Young World,oyw,0,0,0,0,0,0,0,0,0,0,0,0,More than one year
One to One Children's Fund,onetoonecf,0,0,0,0,0,0,0,0,0,0,0,0,More than one year
OpenNorth,opennorth,0,0,0,0,0,0,0,0,0,0,0,0,More than one year
Oxfam Australia,oau,0,0,0,0,0,0,0,0,0,0,0,0,More than one year
Oxfam India,oxfamindia,0,0,0,0,0,0,0,0,0,0,0,0,More than one year
Oxfam Intermón,oxfamintermon,0,0,0,0,0,0,0,0,0,0,0,0,More than one year
PHASE Nepal,phase-nepal,0,0,0,0,0,0,0,0,0,0,0,0,More than one year
PONT,pont,0,0,0,0,0,0,0,0,0,0,0,0,More than one year
PUM Netherlands,pumnl,0,0,0,0,0,0,0,0,0,0,0,0,More than one year
Pact,pact,0,0,0,0,0,0,0,0,0,0,0,0,More than one year
Pastoralist Girls Initiative,pgi_kenya,0,0,0,0,0,0,0,0,0,0,0,0,More than one year
People In Aid,peopleinaid,0,0,0,0,0,0,0,0,0,0,0,0,More than one year
Plan International Finland,planinternationalfinland,0,0,0,0,0,0,0,0,0,0,0,0,More than one year
Plan International USA,plan_usa,0,0,0,0,0,0,0,0,0,0,0,0,More than one year
Plan Ireland Charitable Assistance Limited,plan_ireland,0,0,0,0,0,0,0,0,0,0,0,0,More than one year
Pontis Foundation,pontis,0,0,0,0,0,0,0,0,0,0,0,0,More than one year
Population Services and Training Centre (PSTC),pstc_1102,0,0,0,0,0,0,0,0,0,0,0,0,More than one year
PositiveNegatives,posneg,0,0,0,0,0,0,0,0,0,0,0,0,More than one year
Power International,power,0,0,0,0,0,0,0,0,0,0,0,0,More than one year
Pragya India,pragya,0,0,0,0,0,0,0,0,0,0,0,0,More than one year
Private Infrastructure Development Group,pidg,0,0,0,0,0,0,0,0,0,0,0,0,More than one year
Progressio,progressio,0,0,0,0,0,0,0,0,0,0,0,0,More than one year
Project Harar,phe,0,0,0,0,0,0,0,0,0,0,0,0,More than one year
Protecting Families Against HIV/AIDS,prefa_1,0,0,0,0,0,0,0,0,0,0,0,0,More than one year
RAIN Foundation (former),rainfoundation,0,0,0,0,0,0,0,0,0,0,0,0,More than one year
Rahnuma-Family Planning Assocation of Pakistan,rfpap,0,0,0,0,0,0,0,0,0,0,0,0,More than one year
Railway Children Africa,rc2africa,0,0,0,0,0,0,0,0,0,0,0,0,More than one year
Rainforest Foundation UK,rfuk,0,0,0,0,0,0,0,0,0,0,0,0,More than one year
Reach A Hand Uganda,rahuug,0,0,0,0,0,0,0,0,0,0,0,0,More than one year
"Rehabilitation, Education and Community Health (REACH)",reach-iraq,0,0,0,0,0,0,0,0,0,0,0,0,More than one year
Relief International - Somalia,ri_kenya,0,0,0,0,0,0,0,0,0,0,0,0,More than one year
Relief International UK,ri-uk,0,0,0,0,0,0,0,0,0,0,0,0,More than one year
Resilience,resilience,0,0,0,0,0,0,0,0,0,0,0,0,More than one year
Resource Extraction Monitoring,rem,0,0,0,0,0,0,0,0,0,0,0,0,More than one year
Responsible Mining Foundation,rmf,0,0,0,0,0,0,0,0,0,0,0,0,More than one year
Retrak,retrak,0,0,0,0,0,0,0,0,0,0,0,0,More than one year
Right to Play Netherlands Foundation,rtp,0,0,0,0,0,0,0,0,0,0,0,0,More than one year
Rojiroti UK,rojiroti,0,0,0,0,0,0,0,0,0,0,0,0,More than one year
Romania Ministry of Foreign Affairs,uasd,0,0,0,0,0,0,0,0,0,0,0,0,More than one year
Royal College of General Practitioners (RCGP),rcgp-international,0,0,0,0,0,0,0,0,0,0,0,0,More than one year
Royal College of Obstetricians & Gynaecologists,rcog_resilience_in_obstetric_skills,0,0,0,0,0,0,0,0,0,0,0,0,More than one year
Royal Netherlands Football Association,knvb,0,0,0,0,0,0,0,0,0,0,0,0,More than one year
Royal Society for the Protection of Birds,rspb_,0,0,0,0,0,0,0,0,0,0,0,0,More than one year
SECOURS CATHOLIQUE - CARITAS FRANCE,sccf,0,0,0,0,0,0,0,0,0,0,0,0,More than one year
SOS Children's Villages Kenya,soscvkenya,0,0,0,0,0,0,0,0,0,0,0,0,More than one year
SOS FAIM - SOS HUNGER,sosfaim,0,0,0,0,0,0,0,0,0,0,0,0,More than one year
SOS Sahel International UK,sossaheluk,0,0,0,0,0,0,0,0,0,0,0,0,More than one year
STC International,stc-international,0,0,0,0,0,0,0,0,0,0,0,0,More than one year
Sabre Education Limited,sct,0,0,0,0,0,0,0,0,0,0,0,0,More than one year
Samaritan's Purse UK,spuk,0,0,0,0,0,0,0,0,0,0,0,0,More than one year
Savana Signatures,savsign-org,0,0,0,0,0,0,0,0,0,0,0,0,More than one year
Scotland's International Development Alliance,sinda,0,0,0,0,0,0,0,0,0,0,0,0,More than one year
Sehat Kahani (Community Innovation Hub),sehatkahanicih,0,0,0,0,0,0,0,0,0,0,0,0,More than one year
Send a Cow Uganda,sacu,0,0,0,0,0,0,0,0,0,0,0,0,More than one year
ShelterBox,shelterbox,0,0,0,0,0,0,0,0,0,0,0,0,More than one year
Shift Project Ltd.,shiftproject,0,0,0,0,0,0,0,0,0,0,0,0,More than one year
Shtrii Shakti,shtrii_shakti,0,0,0,0,0,0,0,0,0,0,0,0,More than one year
Signal,signal,0,0,0,0,0,0,0,0,0,0,0,0,More than one year
Silsab Foundation,silsab1-_,0,0,0,0,0,0,0,0,0,0,0,0,More than one year
Simprints,simprints,0,0,0,0,0,0,0,0,0,0,0,0,More than one year
"Social Fund for Development, Yemen",sfd-yemen,0,0,0,0,0,0,0,0,0,0,0,0,More than one year
Social Impact Lab CIC,simlab,0,0,0,0,0,0,0,0,0,0,0,0,More than one year
Social Watch Benin,swb_1,0,0,0,0,0,0,0,0,0,0,0,0,More than one year
SolarNow Services (U) Ltd,solarnowsofa,0,0,0,0,0,0,0,0,0,0,0,0,More than one year
Solidagro,solidagro_admin,0,0,0,0,0,0,0,0,0,0,0,0,More than one year
South Asian Women Development Forum,sawdf-admin,0,0,0,0,0,0,0,0,0,0,0,0,More than one year
Southern African Catholic Bishops' Conference Aids Office,sacbc,0,0,0,0,0,0,0,0,0,0,0,0,More than one year
Spain - Ministry of Foreign Affairs and Cooperation,maec,0,0,0,0,0,0,0,0,0,0,0,0,More than one year
Special Hope Network,shn,0,0,0,0,0,0,0,0,0,0,0,0,More than one year
Stars Foundation,starsfoundation,0,0,0,0,0,0,0,0,0,0,0,0,More than one year
Stichting ActionAId,aanl,0,0,0,0,0,0,0,0,0,0,0,0,More than one year
Stichting Aflatoun International,aflatoun,0,0,0,0,0,0,0,0,0,0,0,0,More than one year
Stichting Beheer Subsidiegelden DRA,stichting-subsidiegelden-dra,0,0,0,0,0,0,0,0,0,0,0,0,More than one year
Stichting Humana,humana_houben,0,0,0,0,0,0,0,0,0,0,0,0,More than one year
Stichting Kinderpostzegels Nederland,skn,0,0,0,0,0,0,0,0,0,0,0,0,More than one year
Stichting Mayday Rescue Foundation,maydayrescue,0,0,0,0,0,0,0,0,0,0,0,0,More than one year
Stichting Red een Kind,redeenkind,0,0,0,0,0,0,0,0,0,0,0,0,More than one year
Stichting VU Amsterdam - Amsterdam Centre for World Food Studies,acwfs_vu,0,0,0,0,0,0,0,0,0,0,0,0,More than one year
StreetInvest,si,0,0,0,0,0,0,0,0,0,0,0,0,More than one year
Stromme Foundation,stromme_ug,0,0,0,0,0,0,0,0,0,0,0,0,More than one year
Sympany+,simone_sympany,0,0,0,0,0,0,0,0,0,0,0,0,More than one year
Syria Relief,sr,0,0,0,0,0,0,0,0,0,0,0,0,More than one year
TB Alert,tbalert,0,0,0,0,0,0,0,0,0,0,0,0,More than one year
Target TB,targettb,0,0,0,0,0,0,0,0,0,0,0,0,More than one year
Teach A Man To Fish,tamtf,0,0,0,0,0,0,0,0,0,0,0,0,More than one year
TechnoServe,tns,0,0,0,0,0,0,0,0,0,0,0,0,More than one year
Terre des hommes- Aide à l'enfance dans le monde- Fondation,tdh_foundation,0,0,0,0,0,0,0,0,0,0,0,0,More than one year
The Carter Center,carter-center,0,0,0,0,0,0,0,0,0,0,0,0,More than one year
The Coca-Cola Export Corporation,tccec,0,0,0,0,0,0,0,0,0,0,0,0,More than one year
The Convention on Business Integrity,cbi-nigeria,0,0,0,0,0,0,0,0,0,0,0,0,More than one year
The Foundation Center,foundation_center,0,0,0,0,0,0,0,0,0,0,0,0,More than one year
The Freedom Fund,thefreedomfund,0,0,0,0,0,0,0,0,0,0,0,0,More than one year
The Global Forum on MSM & HIV (MSMGF),msmgf,0,0,0,0,0,0,0,0,0,0,0,0,More than one year
The International Children's Trust,theict,0,0,0,0,0,0,0,0,0,0,0,0,More than one year
The Leprosy Mission England and Wales,tlmew,0,0,0,0,0,0,0,0,0,0,0,0,More than one year
The National Association of Municipalities of Benin (ANCB),ancb_benin,0,0,0,0,0,0,0,0,0,0,0,0,More than one year
The Princess Alia Foundation,paf_2018,0,0,0,0,0,0,0,0,0,0,0,0,More than one year
The Queen Elizabeth Diamond Jubilee Trust,qedjt,0,0,0,0,0,0,0,0,0,0,0,0,More than one year
The Salvation Army International Development UK,said-uk,0,0,0,0,0,0,0,0,0,0,0,0,More than one year
The University of Oxford,oxford,0,0,0,0,0,0,0,0,0,0,0,0,More than one year
Theatre for a Change Malawi,tfacmalawi,0,0,0,0,0,0,0,0,0,0,0,0,More than one year
Theatre for a Change UK,tfac,0,0,0,0,0,0,0,0,0,0,0,0,More than one year
Transparency International Kenya,ti_kenya,0,0,0,0,0,0,0,0,0,0,0,0,More than one year
Trianglen,trianglen,0,0,0,0,0,0,0,0,0,0,0,0,More than one year
Triple Line,tripleline_crownagents,0,0,0,0,0,0,0,0,0,0,0,0,More than one year
Tropenbos International,tbi,0,0,0,0,0,0,0,0,0,0,0,0,More than one year
Tropical Health and Education Trust,tropicalhealth,0,0,0,0,0,0,0,0,0,0,0,0,More than one year
Trust for Africa's Orphans,tao-03473165,0,0,0,0,0,0,0,0,0,0,0,0,More than one year
Trust for Indigenous Culture and Health,ticah,0,0,0,0,0,0,0,0,0,0,0,0,More than one year
Twaweza,twaweza,0,0,0,0,0,0,0,0,0,0,0,0,More than one year
Twin,twin-iati,0,0,0,0,0,0,0,0,0,0,0,0,More than one year
UHAI EASHRI,uhai-eashri,0,0,0,0,0,0,0,0,0,0,0,0,More than one year
UK - Department for Work and Pensions,dwp,0,0,0,0,0,0,0,0,0,0,0,0,More than one year
UK - Medical Research Council,mrc,0,0,0,0,0,0,0,0,0,0,0,0,More than one year
UK - Scottish Government,scottish_government,0,0,0,0,0,0,0,0,0,0,0,0,More than one year
UK – Department for Education,dfe,0,0,0,0,0,0,0,0,0,0,0,0,More than one year
ULB-Coopération,ulbcoop,0,0,0,0,0,0,0,0,0,0,0,0,More than one year
UN Global Compact Local Network UK,ungc-uk,0,0,0,0,0,0,0,0,0,0,0,0,More than one year
UN Pooled Funds,unpf,0,0,0,0,0,0,0,0,0,0,0,0,More than one year
UN Women,unw,0,0,0,0,0,0,0,0,0,0,0,1621,More than one year
UN-Habitat,unhabitat,0,0,0,0,0,0,0,0,0,0,0,0,More than one year
Union of Agricultural Work Committees,uawc,0,0,0,0,0,0,0,0,0,0,0,0,More than one year
United Mission to Nepal,umn,0,0,0,0,0,0,0,0,0,0,0,0,More than one year
"United Nations Educational, Scientific and Cultural Organization (UNESCO)",unesco,0,0,0,0,0,0,0,0,0,0,0,0,More than one year
United Nations Environment Programme (UNEP),un-environment,0,0,0,0,0,0,0,0,0,0,0,0,More than one year
United Nations OCHA Financial Tracking Service (UN OCHA FTS),ocha_fts,0,0,0,0,0,0,0,0,0,0,0,0,More than one year
United Nations Office for the Coordination of Humanitarian Affairs (Specially-Designated Contributions),unocha-sdc,0,0,0,0,0,0,0,0,0,0,0,0,More than one year
United Purpose,cu,0,0,0,0,0,0,0,0,0,0,0,0,More than one year
University College London,ucl,0,0,0,0,0,0,0,0,0,0,0,0,More than one year
University Of Zimbabwe,1-uz,0,0,0,0,0,0,0,0,0,0,0,0,More than one year
University Twente,utwente,0,0,0,0,0,0,0,0,0,0,0,0,More than one year
University of Amsterdam,uva_org,0,0,0,0,0,0,0,0,0,0,0,0,More than one year
University of Birmingham (Governance and Social Development Resource Centre),universityofbirmingham_gsdrc,0,0,0,0,0,0,0,0,0,0,0,0,More than one year
University of Dundee,uodcepmlp,0,0,0,0,0,0,0,0,0,0,0,0,More than one year
University of Kinshasa,dspd_unikin,0,0,0,0,0,0,0,0,0,0,0,0,More than one year
University of Leeds,leedsuni,0,0,0,0,0,0,0,0,0,0,0,0,More than one year
Urgent Action Fund Latin America and the Caribbean,uafla,0,0,0,0,0,0,0,0,0,0,0,0,More than one year
Urgent Action Fund-Africa,uaf-africa,0,0,0,0,0,0,0,0,0,0,0,0,More than one year
VIA Don Bosco,via-db,0,0,0,0,0,0,0,0,0,0,0,0,More than one year
Vision Aid Overseas,vao,0,0,0,0,0,0,0,0,0,0,0,0,More than one year
Vision for a Nation Foundation,vfan,0,0,0,0,0,0,0,0,0,0,0,0,More than one year
VisionFund International,vfi,0,0,0,0,0,0,0,0,0,0,0,0,More than one year
Voluntary Health Association of India,vhai-org,0,0,0,0,0,0,0,0,0,0,0,0,More than one year
WASH Alliance International,wai,0,0,0,0,0,0,0,0,0,0,0,0,More than one year
WASTE advisers on urban environment and development,waste,0,0,0,0,0,0,0,0,0,0,0,0,More than one year
WWF Sweden,wwf-se,0,0,0,0,0,0,0,0,0,0,0,0,More than one year
WWF-UK,wwf-uk,0,0,0,0,0,0,0,0,0,0,0,0,More than one year
War Child Canada,wcc,0,0,0,0,0,0,0,0,0,0,0,0,More than one year
War on Want,waronwant,0,0,0,0,0,0,0,0,0,0,0,0,More than one year
War on Want NI,wowni,0,0,0,0,0,0,0,0,0,0,0,0,More than one year
Water & Sanitation for the Urban Poor (WSUP),wsup,0,0,0,0,0,0,0,0,0,0,0,0,More than one year
Water Integrity Network Association,win,0,0,0,0,0,0,0,0,0,0,0,0,More than one year
Water Works,waterworks,0,0,0,0,0,0,0,0,0,0,0,0,More than one year
Water for People,w4p,0,0,0,0,0,0,0,0,0,0,0,0,More than one year
We Effect,weeffect,0,0,0,0,0,0,0,0,0,0,0,0,More than one year
Welbodi Partnership,welbodipartnership,0,0,0,0,0,0,0,0,0,0,0,0,More than one year
Welthungerhilfe,whh,0,0,0,0,0,0,0,0,0,0,0,0,More than one year
Wemos Foundation,wemos,0,0,0,0,0,0,0,0,0,0,0,0,More than one year
Westminster Foundation for Democracy,wfd,0,0,0,0,0,0,0,0,0,0,0,0,More than one year
Wetlands International,wi,0,0,0,0,0,0,0,0,0,0,0,0,More than one year
Win Win Strategies,wws,0,0,0,0,0,0,0,0,0,0,0,0,More than one year
Windle Trust Kenya,wtk,0,0,0,0,0,0,0,0,0,0,0,0,More than one year
Womankind Worldwide,womankindworld,0,0,0,0,0,0,0,0,0,0,0,0,More than one year
Women Engage for a Common Future,wecf,0,0,0,0,0,0,0,0,0,0,0,0,More than one year
Women Peacemakers Program,wpp,0,0,0,0,0,0,0,0,0,0,0,0,More than one year
Women and Children First (UK),wcf,0,0,0,0,0,0,0,0,0,0,0,0,More than one year
Women's Action Group,wag-1983,0,0,0,0,0,0,0,0,0,0,0,0,More than one year
Women's Refugee Commission,w_r_c,0,0,0,0,0,0,0,0,0,0,0,0,More than one year
World Agroforestry Centre,icraf_,0,0,0,0,0,0,0,0,0,0,0,0,More than one year
World Association for Christian Communication (UK),wacc-uk,0,0,0,0,0,0,0,0,0,0,0,0,More than one year
World Economic Forum,worldeconomicforum,0,0,0,0,0,0,0,0,0,0,0,0,More than one year
World Economic Forum Geneva,weforum_geneva,0,0,0,0,0,0,0,0,0,0,0,0,More than one year
World Federalist Movement - Institute for Global Policy,wfm-igp,0,0,0,0,0,0,0,0,0,0,0,0,More than one year
World Vision Syria,wvsyria,0,0,0,0,0,0,0,0,0,0,0,0,More than one year
World Waternet,worldwaternet,0,0,0,0,0,0,0,0,0,0,0,0,More than one year
World Wide Fund for Nature - Pakistan,wwfpakistan,0,0,0,0,0,0,0,0,0,0,0,0,More than one year
YMCA of Liberia,libymca,0,0,0,0,0,0,0,0,0,0,0,0,More than one year
Young Innovations Pvt. Ltd,yipl,0,0,0,0,0,0,0,0,0,0,0,0,More than one year
Youth Business International,ybi,0,0,0,0,0,0,0,0,0,0,0,0,More than one year
Youth Net and Counselling - YONECO,yoneco1997,0,0,0,0,0,0,0,0,0,0,0,0,More than one year
Zambia Orphans Aid UK,zoa_uk,0,0,0,0,0,0,0,0,0,0,0,0,More than one year
Zimbabwe Educational Trust,zet,0,0,0,0,0,0,0,0,0,0,0,0,More than one year
Zing,zing,0,0,0,0,0,0,0,0,0,0,0,0,More than one year
act4africa,act4africa,0,0,0,0,0,0,0,0,0,0,0,0,More than one year
dance4life,dance4life,0,0,0,0,0,0,0,0,0,0,0,0,More than one year
equileap,equileap,0,0,0,0,0,0,0,0,0,0,0,0,More than one year
iDE,ide,0,0,0,0,0,0,0,0,0,0,0,0,More than one year
iPartner India,ip-india,0,0,0,0,0,0,0,0,0,0,0,0,More than one year
interburns,interburns,0,0,0,0,0,0,0,0,0,0,0,0,More than one year
living peace institute,lpi,0,0,0,0,0,0,0,0,0,0,0,0,More than one year
mothers2mothers,m2m_sa,0,0,0,0,0,0,0,0,0,0,0,0,More than one year
openmindedly,openmindedly,0,0,0,0,0,0,0,0,0,0,0,0,More than one year
the center for victimized women and children,cavwoc,0,0,0,0,0,0,0,0,0,0,0,0,More than one year
transforma,transforma,0,0,0,0,0,0,0,0,0,0,0,0,More than one year
