Publisher Name,Publisher Registry Id,2019-04,2019-05,2019-06,2019-07,2019-08,2019-09,2019-10,2019-11,2019-12,2020-01,2020-02,2020-03,Frequency
ACTIONAID INTERNATIONAL KENYA,aaik,0,0,1,1,0,0,0,0,0,0,0,0,Annual
ADD International (Action on Disability and Development),addinternational,1,2,0,0,0,0,0,0,0,0,0,0,Annual
ADRA-UK,adrauk,0,0,0,1,0,0,0,0,0,0,0,0,Annual
AECOM,aecom,0,1,0,1,0,0,0,0,0,0,0,0,Annual
AFELT,afelt,0,1,0,1,0,0,0,0,0,0,0,0,Annual
AFEW International,afewinternational,1,0,0,0,0,0,0,0,0,0,0,0,Annual
AICS - Agenzia Italiana per la Cooperazione allo Sviluppo / Italian Agency for Cooperation and Development,aics,1,1,1,1,0,0,0,0,0,0,0,0,Annual
APT Action on Poverty,apt,0,1,0,0,0,0,0,0,0,0,0,0,Annual
Able Child Africa,ablechildafrica,1,0,0,1,0,0,0,0,0,0,0,0,Annual
Accelerator Nepal,acceleratornepal,0,0,0,1,0,0,0,0,0,0,0,0,Annual
Access to Medicine Foundation,atmf,1,0,0,1,0,0,0,0,0,0,0,0,Annual
Accountability Lab,alab,0,0,0,1,0,0,0,0,0,0,0,0,Annual
Action Against Hunger UK,acf,0,0,1,0,0,0,0,0,0,0,0,0,Annual
ActionAid Rwanda,aar,0,1,0,0,0,0,0,0,0,0,0,0,Annual
ActionAid UK,aauk,1,1,0,1,0,0,0,0,0,0,0,0,Annual
Adam Smith International,asi,1,0,0,0,0,0,0,0,0,0,0,0,Annual
Administração de Infra-Estruturas de Águas e Saneamento,aias,0,0,0,1,0,0,0,0,0,0,0,0,Annual
Afghanaid,afghanaid,1,0,0,1,0,0,0,0,0,0,0,0,Annual
African Center for Economic Transformation (ACET),acet,0,0,1,0,0,0,0,0,0,0,0,0,Annual
African Development Bank,afdb,0,1,1,1,0,0,0,0,0,0,0,0,Annual
African Initiatives,ai_1064413,1,0,0,0,0,0,0,0,0,0,0,0,Annual
African Women's Development Fund,awdf,0,0,0,1,0,0,0,0,0,0,0,0,Annual
AgDevCo,agdevco,0,0,2,0,0,0,0,0,0,0,0,0,Annual
Aga Khan Foundation (United Kingdom),akfuk73,0,0,1,0,0,0,0,0,0,0,0,0,Annual
Agence Française de Développement,afd,2,0,1,2,0,0,0,0,0,0,0,0,Annual
Agência de Desenvolvimento do Vale do Zambeze,agencia_do_zambeze,0,0,0,1,0,0,0,0,0,0,0,0,Annual
Aidsfonds - Soa Aids Nederland,nl-kvk-41207989,0,0,1,1,0,0,0,0,0,0,0,0,Annual
Akvo Foundation,akvo,0,1,0,0,0,0,0,0,0,0,0,0,Annual
Alliance of Religions and Conservation,alliance_of_religions_and_conservation,0,1,0,0,0,0,0,0,0,0,0,0,Annual
Amref Health Africa Headquarters,amrefhq,0,1,0,0,0,0,0,0,0,0,0,0,Annual
Anti-Slavery International,asil,1,0,0,0,0,0,0,0,0,0,0,0,Annual
Ashoka East Africa,ashoka,0,0,0,1,0,0,0,0,0,0,0,0,Annual
Asian Development Bank,asdb,0,1,1,1,0,0,0,0,0,0,0,0,Annual
Association pour la Promotion de l'Education et de la Formation à l'Etranger,apefe,0,1,0,0,0,0,0,0,0,0,0,0,Annual
Australia - Department of  Foreign Affairs and Trade,ausgov,0,0,1,0,0,0,0,0,0,0,0,0,Annual
Avanti Communications Plc,ava_admin,1,0,0,0,0,0,0,0,0,0,0,0,Annual
Belgian Development Cooperation,be-dgd,0,0,1,1,0,0,0,0,0,0,0,0,Annual
Bill & Melinda Gates Foundation,bmgf,1,1,0,2,0,0,0,0,0,0,0,0,Annual
Bond,bond,0,1,0,0,0,0,0,0,0,0,0,0,Annual
Both ENDS,bothends,0,1,0,1,0,0,0,0,0,0,0,0,Annual
British & Irish Agencies Afghanistan Group,baag,1,0,0,0,0,0,0,0,0,0,0,0,Annual
British Asian Trust,b_a_t,0,1,0,1,0,0,0,0,0,0,0,0,Annual
British Council,britishcouncil,1,0,1,0,0,0,0,0,0,0,0,0,Annual
British Red Cross,gb-chc-220949,0,0,1,1,0,0,0,0,0,0,0,0,Annual
Broederlijk Delen,bd,0,1,0,0,0,0,0,0,0,0,0,0,Annual
Build Africa,buildafrica,0,1,0,0,0,0,0,0,0,0,0,0,Annual
CARE International UK,ciuk,0,1,0,2,0,0,0,0,0,0,0,0,Annual
CARE Nederland,carenederland,0,1,0,0,0,0,0,0,0,0,0,0,Annual
CARE Nepal,cnepal,0,0,0,1,0,0,0,0,0,0,0,0,Annual
CARE SOMALIA,csom1,0,0,1,0,0,0,0,0,0,0,0,0,Annual
CHOICE for Youth and Sexuality,cfyas,0,1,0,0,0,0,0,0,0,0,0,0,Annual
CISU,cisu,0,0,0,1,0,0,0,0,0,0,0,0,Annual
COC Nederland,cocnl_publisher,0,1,0,0,0,0,0,0,0,0,0,0,Annual
COWI,cowi,1,0,0,0,0,0,0,0,0,0,0,0,Annual
Camfed International,camfed,0,0,0,1,0,0,0,0,0,0,0,0,Annual
Canada - Global Affairs Canada | Affaires mondiales Canada,gac-amc,8,7,5,10,0,0,0,0,0,0,0,0,Annual
Canada - International Development Research Centre/Centre de recherches pour le développement international,idrccrdi,0,0,0,1,0,0,0,0,0,0,0,0,Annual
Canada Department of Finance / Ministère des Finances Canada,finance_canada,0,1,1,0,0,0,0,0,0,0,0,0,Annual
Cardno Emerging Markets,cardnoem,0,1,0,0,0,0,0,0,0,0,0,0,Annual
Caritas Denmark,caritas_denmark,0,0,0,1,0,0,0,0,0,0,0,0,Annual
Caritas International (Belgium),cibe,1,0,0,0,0,0,0,0,0,0,0,0,Annual
Catholic Agency For Overseas Development (CAFOD),cafod,4,0,0,2,0,0,0,0,0,0,0,0,Annual
Catholic Relief Services,crs,0,0,1,0,0,0,0,0,0,0,0,0,Annual
Centre Tricontinental - CETRI,ct-admin,0,1,0,0,0,0,0,0,0,0,0,0,Annual
Chemonics International Inc.,chemonics,0,1,0,0,0,0,0,0,0,0,0,0,Annual
ChildHope UK,childhopeuk,0,1,0,0,0,0,0,0,0,0,0,0,Annual
Christian Aid,caid,1,0,0,2,0,0,0,0,0,0,0,0,Annual
Climate Investment Funds,cif,0,1,0,0,0,0,0,0,0,0,0,0,Annual
Clinton Health Access Initiative,chai,0,0,1,0,0,0,0,0,0,0,0,0,Annual
Coffey International Development,coffey,0,1,0,1,0,0,0,0,0,0,0,0,Annual
Comité pour l'abolition des dettes illégitimes,cadtm,0,1,0,0,0,0,0,0,0,0,0,0,Annual
Concern Worldwide,concern_worldwide,1,0,0,1,0,0,0,0,0,0,0,0,Annual
Concern Worldwide UK,concernuk,0,0,0,1,0,0,0,0,0,0,0,0,Annual
Conciliation Resources,cr,0,1,0,0,0,0,0,0,0,0,0,0,Annual
Cordaid,cordaid,0,1,0,2,0,0,0,0,0,0,0,0,Annual
Crown Agents Limited,cal,0,0,0,1,0,0,0,0,0,0,0,0,Annual
DAI Europe,dai-e,1,1,0,0,0,0,0,0,0,0,0,0,Annual
DanChurchAid,dca,0,1,0,1,0,0,0,0,0,0,0,0,Annual
Danish Red Cross,danishrc,0,0,0,1,0,0,0,0,0,0,0,0,Annual
Danish Refugee Council,drc,0,1,0,1,0,0,0,0,0,0,0,0,Annual
Danish Trade Union Development Agency (Ulandssekretariatet),loftf,0,0,0,1,0,0,0,0,0,0,0,0,Annual
Danmission,danmission,0,0,0,1,0,0,0,0,0,0,0,0,Annual
Data4Development,d4d,1,0,0,0,0,0,0,0,0,0,0,0,Annual
David Gordon Memorial Hospital,dgmh,0,1,0,0,0,0,0,0,0,0,0,0,Annual
Dawuro Development Association,dawuro_da,0,0,0,1,0,0,0,0,0,0,0,0,Annual
Democracy Reporting International gGmbH,dri,0,0,0,1,0,0,0,0,0,0,0,0,Annual
"Denmark - Ministry of Foreign Affairs, Danida",danida,6,6,5,9,0,0,0,0,0,0,0,0,Annual
Department for International Trade,dit,0,0,0,1,0,0,0,0,0,0,0,0,Annual
Development Initiatives Poverty Research,dipr,0,2,1,1,0,0,0,0,0,0,0,0,Annual
Direcção Provincial de Saúde de Nampula,dps-nampula,0,1,0,1,0,0,0,0,0,0,0,0,Annual
Disability and Development Partners,ddp,1,0,0,1,0,0,0,0,0,0,0,0,Annual
Disasters Emergency Committee,dec-uk,0,0,1,0,0,0,0,0,0,0,0,0,Annual
"Discovery Learning Alliance, Inc.",dla,0,1,0,0,0,0,0,0,0,0,0,0,Annual
Dorcas Aid International,dai,0,2,0,0,0,0,0,0,0,0,0,0,Annual
ECDPM,ecdpm,0,0,0,1,0,0,0,0,0,0,0,0,Annual
EDUCATION DEVELOPMENT TRUST - RWANDA,edt_rwanda,0,0,0,1,0,0,0,0,0,0,0,0,Annual
EMMS International,emms,0,1,0,0,0,0,0,0,0,0,0,0,Annual
Ecorys UK,ecuk,1,0,0,1,0,0,0,0,0,0,0,0,Annual
Edukans Foundation,edukans_foundation,0,0,1,0,0,0,0,0,0,0,0,0,Annual
Ethiopiaid UK,ethiopiaiduk,0,0,0,1,0,0,0,0,0,0,0,0,Annual
European Bank for Reconstruction and Development,ebrd,0,1,1,2,0,0,0,0,0,0,0,0,Annual
European Commission - Directorate-General for International Cooperation and Development,ec-devco,4,0,2,2,0,0,0,0,0,0,0,0,Annual
European Commission - Humanitarian Aid & Civil Protection,ec-echo,7,6,3,9,0,0,0,0,0,0,0,0,Annual
European Commission - Neighbourhood and Enlargement Negotiations,ec-near,4,0,2,2,0,0,0,0,0,0,0,0,Annual
European Commission - Service for Foreign Policy Instruments,ec-fpi,2,0,2,1,0,0,0,0,0,0,0,0,Annual
European Investment Bank,eib,1,1,1,1,0,0,0,0,0,0,0,0,Annual
European Journalism Centre,ejc,0,1,0,0,0,0,0,0,0,0,0,0,Annual
FMO,fmo,0,0,0,1,0,0,0,0,0,0,0,0,Annual
FONCABA ASBL KBA VZW,foncaba,0,1,0,0,0,0,0,0,0,0,0,0,Annual
Fair Wear Foundation,fwf,0,1,0,1,0,0,0,0,0,0,0,0,Annual
Farm Africa,fa,0,1,0,0,0,0,0,0,0,0,0,0,Annual
Farm Concern International,fci,0,0,0,1,0,0,0,0,0,0,0,0,Annual
Feed the Minds,ftm-291333,1,0,0,0,0,0,0,0,0,0,0,0,Annual
Finland - Ministry for Foreign Affairs,finland_mfa,2,3,1,0,0,0,0,0,0,0,0,0,Annual
Fondo Centroamericano de Mujeres,fcam,0,1,0,0,0,0,0,0,0,0,0,0,Annual
Food and Agriculture Organization of the United Nations (FAO),fao,0,1,0,1,0,0,0,0,0,0,0,0,Annual
Food for the Hungry UK,fh,1,0,0,1,0,0,0,0,0,0,0,0,Annual
France - Ministry for Europe and Foreign Affairs,france,7,7,5,10,0,0,0,0,0,0,0,0,Annual
Free Press Unlimited,free_press_unlimited,0,1,0,0,0,0,0,0,0,0,0,0,Annual
Free a Girl,freeagirl,2,0,0,2,0,0,0,0,0,0,0,0,Annual
Friends of Publish What You Fund,friendsofpwyf,0,0,0,1,0,0,0,0,0,0,0,0,Annual
Friends of the Earth International,foei,0,1,0,1,0,0,0,0,0,0,0,0,Annual
Frontline AIDS,f-aids,0,0,1,0,0,0,0,0,0,0,0,0,Annual
GOAL,goal,0,1,0,0,0,0,0,0,0,0,0,0,Annual
GPPAC Foundation,gppac,0,1,0,0,0,0,0,0,0,0,0,0,Annual
"Gavi, the vaccine alliance",gavi,0,0,1,1,0,0,0,0,0,0,0,0,Annual
Geneva Centre for the Democratic Control of Armed Forces (DCAF),dcaf,1,0,0,1,0,0,0,0,0,0,0,0,Annual
Geneva International Centre for Humanitarian Demining,gichd,0,0,0,1,0,0,0,0,0,0,0,0,Annual
Germany - Federal Foreign Office,fo_germany,1,0,1,1,0,0,0,0,0,0,0,0,Annual
Germany - Ministry for Economic Cooperation and Development,bmz,1,0,1,1,0,0,0,0,0,0,0,0,Annual
Girls’ Education Challenge – Fund Manager PwC,gecfundmanagerpwc,0,1,0,1,0,0,0,0,0,0,0,0,Annual
Global Canopy,globalcanopy,0,1,0,0,0,0,0,0,0,0,0,0,Annual
Global Innovation Fund,gif,0,1,0,0,0,0,0,0,0,0,0,0,Annual
Global Rights Compliance,grc2018,0,0,1,0,0,0,0,0,0,0,0,0,Annual
GlobalGiving.org,globalgiving,7,7,5,10,0,0,0,0,0,0,0,0,Annual
Gulu University,guluuni,0,0,0,1,0,0,0,0,0,0,0,0,Annual
Guttmacher Institute,guttmacher,0,0,1,0,0,0,0,0,0,0,0,0,Annual
HE Foundation,hefoundation,0,1,0,0,0,0,0,0,0,0,0,0,Annual
Handicap International UK,hiuk,0,1,0,2,0,0,0,0,0,0,0,0,Annual
Health Poverty Action,hpa,0,1,0,0,0,0,0,0,0,0,0,0,Annual
HelpAge International,helpage_international,0,0,0,2,0,0,0,0,0,0,0,0,Annual
HelpAge International UK,ageintl,0,0,1,0,0,0,0,0,0,0,0,0,Annual
Hivos,stichting_hivos,4,6,3,9,0,0,0,0,0,0,0,0,Annual
Hope and Homes for Children,hhc,0,0,0,1,0,0,0,0,0,0,0,0,Annual
Hope for Children,hfc,1,0,1,0,0,0,0,0,0,0,0,0,Annual
Humanitarian Quality Assurance Initiative,hqai,0,0,1,1,0,0,0,0,0,0,0,0,Annual
ICCO Cooperation,icco-cooperation,1,3,1,1,0,0,0,0,0,0,0,0,Annual
ICF Consulting Services Ltd,icf,0,0,1,0,0,0,0,0,0,0,0,0,Annual
IHE Delft Institute for Water Education,ihedelft,0,0,0,1,0,0,0,0,0,0,0,0,Annual
IMC WORLDWIDE,imcw_admin,1,0,2,2,0,0,0,0,0,0,0,0,Annual
IRC,irc,0,1,0,0,0,0,0,0,0,0,0,0,Annual
IUCN Nederlands Comité,iucn_nl,0,1,0,0,0,0,0,0,0,0,0,0,Annual
Instiglio,instiglio,0,1,0,1,0,0,0,0,0,0,0,0,Annual
Institut de Formation Syndical International - Internationaal Syndicaal Vormingsinstituut,ifsi_isvi,0,1,0,0,0,0,0,0,0,0,0,0,Annual
Institute of Development Studies,ids,0,1,0,0,0,0,0,0,0,0,0,0,Annual
Integrity Action,integrity_action,0,0,1,0,0,0,0,0,0,0,0,0,Annual
Inter-American Development Bank,iadb,0,2,0,1,0,0,0,0,0,0,0,0,Annual
InterAction's NGO Aid Map,ia_nam,1,1,1,1,0,0,0,0,0,0,0,0,Annual
International Alert,international-alert,0,0,1,0,0,0,0,0,0,0,0,0,Annual
International Bureau of Fiscal Documentation (IBFD),ibfd,0,0,0,1,0,0,0,0,0,0,0,0,Annual
International Committee of the Red Cross (ICRC),icrc,0,0,1,0,0,0,0,0,0,0,0,0,Annual
International Council of Voluntary Agencies,icva,0,0,0,1,0,0,0,0,0,0,0,0,Annual
International Development Law Organization (IDLO),idlo,2,1,1,2,0,0,0,0,0,0,0,0,Annual
International Federation of the Red Cross and Red Crescent (IFRC),ifrcrcs,1,0,1,1,0,0,0,0,0,0,0,0,Annual
International Finance Corporation,ifcwbg,1,1,1,1,0,0,0,0,0,0,0,0,Annual
International Fund for Agricultural Development (IFAD),ifad,5,5,4,9,0,0,0,0,0,0,0,0,Annual
International Medical Corps UK,imc_uk,0,1,0,1,0,0,0,0,0,0,0,0,Annual
International Network for Advancing Science and Policy,inasp,0,1,0,1,0,0,0,0,0,0,0,0,Annual
International Organization for Migration (IOM),iom,0,0,1,0,0,0,0,0,0,0,0,0,Annual
International Planned Parenthood Federation,ippf,1,0,0,2,0,0,0,0,0,0,0,0,Annual
International Rescue Committee UK,irc_uk,1,1,1,0,0,0,0,0,0,0,0,0,Annual
International Women's Development Agency,iwda,0,1,0,0,0,0,0,0,0,0,0,0,Annual
Internews Europe,ieu,1,0,0,1,0,0,0,0,0,0,0,0,Annual
Ipas,ipas,1,0,0,0,0,0,0,0,0,0,0,0,Annual
Irise International,irise_int,0,0,0,1,0,0,0,0,0,0,0,0,Annual
Irrawaddy Policy Exchange,ipe,0,0,0,1,0,0,0,0,0,0,0,0,Annual
Islamic Relief Worldwide,irw,0,0,1,0,0,0,0,0,0,0,0,0,Annual
Joshua Orphan and Community Care,jocc_uk,1,0,0,0,0,0,0,0,0,0,0,0,Annual
KPMG East Africa,kpmgea,0,1,1,1,0,0,0,0,0,0,0,0,Annual
KPMG LLP,kpmgllp,0,0,1,0,0,0,0,0,0,0,0,0,Annual
Karuna Mission Social Solidarity - KMSS,kmss,0,0,0,1,0,0,0,0,0,0,0,0,Annual
King Salman Humanitarian Aid and Relief Centre,ksrelief291,0,0,0,1,0,0,0,0,0,0,0,0,Annual
Koepel van de Vlaamse Noord-Zuidbeweging 11.11.11 VZW,111111_publisher,0,1,0,0,0,0,0,0,0,0,0,0,Annual
LIGHT FOR THE WORLD The Netherlands,lftwnl,0,0,1,0,0,0,0,0,0,0,0,0,Annual
LIWA programme trust,liwa-admin,0,1,0,0,0,0,0,0,0,0,0,0,Annual
LTS International Limited,lts,0,0,1,1,0,0,0,0,0,0,0,0,Annual
Leonard Cheshire Disability,lcd_admin,0,1,1,1,0,0,0,0,0,0,0,0,Annual
Link Community Development International,lcdi_admin,0,0,1,0,0,0,0,0,0,0,0,0,Annual
MAG,mag,0,0,2,0,0,0,0,0,0,0,0,0,Annual
MVO Nederland,mvo_nederland,0,1,0,1,0,0,0,0,0,0,0,0,Annual
Mainline,mainline,0,1,0,1,0,0,0,0,0,0,0,0,Annual
Malaria Consortium,malariaconsortium,0,1,0,0,0,0,0,0,0,0,0,0,Annual
Mama Cash,mamac,0,1,0,0,0,0,0,0,0,0,0,0,Annual
MannionDaniels,manniondaniels,1,0,0,1,0,0,0,0,0,0,0,0,Annual
Marie Stopes International,msi,0,0,2,0,0,0,0,0,0,0,0,0,Annual
Max Foundation,max-foundation,0,0,1,0,0,0,0,0,0,0,0,0,Annual
Medair,medair,0,0,1,0,0,0,0,0,0,0,0,0,Annual
Mercy Corps Europe,mce,0,1,0,0,0,0,0,0,0,0,0,0,Annual
Milieudefensie,foenl,0,1,1,1,0,0,0,0,0,0,0,0,Annual
Mission Øst,missioneast,0,0,1,0,0,0,0,0,0,0,0,0,Annual
Motivation,motivation,0,1,0,0,0,0,0,0,0,0,0,0,Annual
Mott MacDonald Limited,mml,0,0,1,0,0,0,0,0,0,0,0,0,Annual
Mulanje Mission Hospital,mmh,0,1,0,1,0,0,0,0,0,0,0,0,Annual
Multilateral Investment Fund,fomin,0,2,0,1,0,0,0,0,0,0,0,0,Annual
Musalaha Ministry of Reconciliation,mmr_admin2,0,0,0,1,0,0,0,0,0,0,0,0,Annual
NKHOMA MISSION HOSPITAL,nmhiati,0,1,0,1,0,0,0,0,0,0,0,0,Annual
Nathan Associates London Ltd.,nathan,0,1,0,0,0,0,0,0,0,0,0,0,Annual
Nepal Disabled Human Rights Center,dhrc_nepal,1,0,0,0,0,0,0,0,0,0,0,0,Annual
Netherlands - Ministry of Foreign Affairs,minbuza_nl,1,1,1,0,0,0,0,0,0,0,0,0,Annual
Netherlands Commission for Environmental Assessment,ncea,0,0,1,0,0,0,0,0,0,0,0,0,Annual
Netherlands Enterprise Agency,rvo,0,0,2,1,0,0,0,0,0,0,0,0,Annual
Netherlands Institute for Multiparty Democracy (NIMD),nimd-hq,0,1,0,0,0,0,0,0,0,0,0,0,Annual
Netherlands Red Cross,nlrc,0,1,0,1,0,0,0,0,0,0,0,0,Annual
Northern Network for Education Development,nned,0,1,0,0,0,0,0,0,0,0,0,0,Annual
Norwegian Refugee Council,nrc,1,0,0,0,0,0,0,0,0,0,0,0,Annual
OCHA Country Based Pooled Funds,unocha-cbpf,3,7,4,10,0,0,0,0,0,0,0,0,Annual
ODI Sales Limited,odi_sales_ltd,1,0,0,0,0,0,0,0,0,0,0,0,Annual
OECD,oecd,0,0,0,1,0,0,0,0,0,0,0,0,Annual
Opportunity International UK,opportunity-international-uk,0,0,0,1,0,0,0,0,0,0,0,0,Annual
Options Consultancy Services,options,1,0,1,1,0,0,0,0,0,0,0,0,Annual
Orbis Africa,orbis_africa,0,1,0,0,0,0,0,0,0,0,0,0,Annual
Orbis Charitable Trust,orbis_uk,0,1,0,0,0,0,0,0,0,0,0,0,Annual
Orbis Ethiopia,orbis_ethiopia,0,0,1,0,0,0,0,0,0,0,0,0,Annual
Orbis International,orbis_international,0,0,1,0,0,0,0,0,0,0,0,0,Annual
Overseas Development Institute,odi,1,0,0,0,0,0,0,0,0,0,0,0,Annual
Oxfam America,oxfamus,0,0,1,0,0,0,0,0,0,0,0,0,Annual
Oxfam IBIS,ibis_denmark,0,1,0,0,0,0,0,0,0,0,0,0,Annual
Oxfam Novib,onl,1,1,1,1,0,0,0,0,0,0,0,0,Annual
Oxfam Solidarité-Solidariteit,oxsol,2,1,0,0,0,0,0,0,0,0,0,0,Annual
PATH,_path_,0,0,0,1,0,0,0,0,0,0,0,0,Annual
PAX,pax,0,1,0,0,0,0,0,0,0,0,0,0,Annual
PRACTICA Foundation,practica,0,1,1,0,0,0,0,0,0,0,0,0,Annual
Palladium International Ltd (UK),palladium,0,0,1,0,0,0,0,0,0,0,0,0,Annual
Palliative Care Association of Malawi,pacam,0,1,0,1,0,0,0,0,0,0,0,0,Annual
Palliative Care Support Trust,pcst,0,1,0,1,0,0,0,0,0,0,0,0,Annual
People in Need,pin,0,1,0,0,0,0,0,0,0,0,0,0,Annual
Plan International Belgium,pib,0,1,0,0,0,0,0,0,0,0,0,0,Annual
Plan International Netherlands,plannlno,0,1,0,0,0,0,0,0,0,0,0,0,Annual
Plan International UK,plan_uk,0,0,0,1,0,0,0,0,0,0,0,0,Annual
Plataforma Moçambicana da Água (PLAMA),plama,0,1,0,0,0,0,0,0,0,0,0,0,Annual
Population Service International,psi,0,2,0,0,0,0,0,0,0,0,0,0,Annual
Practical Action,pa,0,0,0,1,0,0,0,0,0,0,0,0,Annual
PricewaterhouseCoopers Private Limited India,pwcplindia,0,1,0,1,0,0,0,0,0,0,0,0,Annual
Protos,protos,0,1,0,0,0,0,0,0,0,0,0,0,Annual
PwC,pwc,0,1,0,1,0,0,0,0,0,0,0,0,Annual
Queen Rania Foundation for Education and Development,qrfed,0,1,0,1,0,0,0,0,0,0,0,0,Annual
Railway Children,rc,1,0,0,1,0,0,0,0,0,0,0,0,Annual
Raleigh International,raleigh_int,0,0,1,1,0,0,0,0,0,0,0,0,Annual
Red Cross Red Crescent Climate Centre,climate_centre,0,1,0,0,0,0,0,0,0,0,0,0,Annual
Regional Advisory Information and Network Systems,rains,1,0,0,0,0,0,0,0,0,0,0,0,Annual
Republic of Korea,odakorea,0,0,1,1,0,0,0,0,0,0,0,0,Annual
Rikolto,rikolto,0,1,0,0,0,0,0,0,0,0,0,0,Annual
Rode Kruis-Vlaanderen Internationaal vzw,rkiv,0,1,0,0,0,0,0,0,0,0,0,0,Annual
Royal Tropical Institute,kit,0,1,0,0,0,0,0,0,0,0,0,0,Annual
Rutgers,rutgers,0,1,2,0,0,0,0,0,0,0,0,0,Annual
SNV Netherlands Development Organisation,snv,0,0,1,0,0,0,0,0,0,0,0,0,Annual
SOS Children's Villages The Netherlands,sosnl,0,1,1,1,0,0,0,0,0,0,0,0,Annual
SOS Kinderdorpen België / SOS Villages d'Enfants Belgique,svdbskb_admin,0,1,0,0,0,0,0,0,0,0,0,0,Annual
SPARK,spark,0,0,0,2,0,0,0,0,0,0,0,0,Annual
Saferworld,saferworld,1,2,0,1,0,0,0,0,0,0,0,0,Annual
Save the Children DK,redbarnet,1,0,0,1,0,0,0,0,0,0,0,0,Annual
Save the Children International,sci,0,1,0,1,0,0,0,0,0,0,0,0,Annual
Save the Children Netherlands,scnl,0,1,0,1,0,0,0,0,0,0,0,0,Annual
Save the Children UK,scuk,0,1,0,1,0,0,0,0,0,0,0,0,Annual
Scottish Catholic International Aid Fund (SCIAF),sciaf,0,2,0,0,0,0,0,0,0,0,0,0,Annual
Search for Common Ground (SFCG),sfcg,0,1,0,0,0,0,0,0,0,0,0,0,Annual
Send a Cow,sendacow,1,0,0,1,0,0,0,0,0,0,0,0,Annual
Send a Cow Ethiopia,sacethiopia,0,0,0,1,0,0,0,0,0,0,0,0,Annual
Send a Cow Kenya,sac_kenya,1,0,0,1,0,0,0,0,0,0,0,0,Annual
Sense International,sense_international,0,2,0,1,0,0,0,0,0,0,0,0,Annual
Sightsavers,ss-org,0,0,1,0,0,0,0,0,0,0,0,0,Annual
Simavi,simavi,0,1,0,0,0,0,0,0,0,0,0,0,Annual
Solidaridad,solidaridad,0,1,0,1,0,0,0,0,0,0,0,0,Annual
Solidaridad Europe,solidaridad-europe,0,1,0,2,0,0,0,0,0,0,0,0,Annual
Solidaridad South & South-East Asia,solidaridad-ssea,0,1,0,1,0,0,0,0,0,0,0,0,Annual
Solidaridad West Africa,solidaridad-waf,0,1,1,2,0,0,0,0,0,0,0,0,Annual
Solsoc,solsoc,1,0,0,0,0,0,0,0,0,0,0,0,Annual
Sonke Gender Justice,sjg,0,1,0,0,0,0,0,0,0,0,0,0,Annual
Sound Seekers Limited,soundseekers,0,1,0,0,0,0,0,0,0,0,0,0,Annual
Stichting Deltares,deltares,0,1,0,0,0,0,0,0,0,0,0,0,Annual
Stichting Nederlands Instituut voor Internationale Betrekkingen 'Clingendael',clingendael,0,0,0,1,0,0,0,0,0,0,0,0,Annual
Stichting Red een Kind,redeenkind,0,1,0,0,0,0,0,0,0,0,0,0,Annual
Stichting Vluchteling,st_vluchteling,0,1,0,0,0,0,0,0,0,0,0,0,Annual
Stichting Woord en Daad,w-d,0,1,1,0,0,0,0,0,0,0,0,0,Annual
Street Child,street_child,0,1,0,0,0,0,0,0,0,0,0,0,Annual
Studio Globo,sg,0,1,0,0,0,0,0,0,0,0,0,0,Annual
"Sweden, through Swedish International Development Cooperation Agency (Sida)",sida,1,1,1,1,0,0,0,0,0,0,0,0,Annual
Switzerland - Swiss Agency for Development and Cooperation (SDC),sdc_ch,0,0,1,0,0,0,0,0,0,0,0,0,Annual
Syrian Center for Media and Freedom of Expression,scm,0,0,0,1,0,0,0,0,0,0,0,0,Annual
TEAR fund Nederland,tear,0,1,0,1,0,0,0,0,0,0,0,0,Annual
Terre des Hommes Netherlands,tdh_nl,1,2,0,0,0,0,0,0,0,0,0,0,Annual
The Access to Nutrition Foundation,atnf,0,0,0,1,0,0,0,0,0,0,0,0,Annual
The Commonwealth Secretariat,commonwealthsecretariat,1,0,0,0,0,0,0,0,0,0,0,0,Annual
The Fred Hollows Foundation (UK),fhfuk,0,0,1,0,0,0,0,0,0,0,0,0,Annual
"The Global Development Incubator, Inc",gdi,1,0,0,1,0,0,0,0,0,0,0,0,Annual
"The Global Fund to Fight AIDS, Tuberculosis and Malaria",theglobalfund,0,4,5,10,0,0,0,0,0,0,0,0,Annual
The International Rescue Committee,irc_inc,1,1,1,1,0,0,0,0,0,0,0,0,Annual
The Louis Berger Group Inc.,lbg,1,0,1,0,0,0,0,0,0,0,0,0,Annual
The MENTOR Initiative,the_mentor_initiative,1,0,0,0,0,0,0,0,0,0,0,0,Annual
The OPEC Fund for International Development (OFID),ofid,0,0,1,0,0,0,0,0,0,0,0,0,Annual
The Open University,open_university,0,1,0,1,0,0,0,0,0,0,0,0,Annual
The Power of Nutrition,the_power_of_nutrition,0,1,0,0,0,0,0,0,0,0,0,0,Annual
"The University of Dodoma (UDOM), Tanzania",udom,0,1,0,0,0,0,0,0,0,0,0,0,Annual
The William and Flora Hewlett Foundation,hewlett-foundation,1,1,1,1,0,0,0,0,0,0,0,0,Annual
The World Bank,worldbank,1,1,1,1,0,0,0,0,0,0,0,0,Annual
Traidcraft Exchange,traidcraft,0,0,1,0,0,0,0,0,0,0,0,0,Annual
Transnational Institute,tni,0,1,0,0,0,0,0,0,0,0,0,0,Annual
Transparency International Bangladesh,tib,0,1,0,0,0,0,0,0,0,0,0,0,Annual
Trias,trias,0,1,0,0,0,0,0,0,0,0,0,0,Annual
Trocaire,trocaire,0,0,0,1,0,0,0,0,0,0,0,0,Annual
Trocaire (Northern Ireland),troc,0,1,0,0,0,0,0,0,0,0,0,0,Annual
"UK - Department for Business, Energy and Industrial Strategy (BEIS)",beis,0,0,1,1,0,0,0,0,0,0,0,0,Annual
"UK - Department for Digital, Culture, Media and Sport",dcms,0,0,0,1,0,0,0,0,0,0,0,0,Annual
"UK - Department for Environment, Food and Rural Affairs",defra_transparency,0,0,1,1,0,0,0,0,0,0,0,0,Annual
UK - Department for International Development (DFID),dfid,1,1,1,1,0,0,0,0,0,0,0,0,Annual
UK - Department of Health and Social Care (DHSC),dhsc,0,1,0,0,0,0,0,0,0,0,0,0,Annual
UK - Foreign & Commonwealth Office,fco,0,0,1,0,0,0,0,0,0,0,0,0,Annual
UK - Ministry of Defence,ukmod,0,0,0,1,0,0,0,0,0,0,0,0,Annual
UN Women,unw,1,1,1,1,0,0,0,0,0,0,0,0,Annual
UN-Habitat,unhabitat,1,2,1,1,0,0,0,0,0,0,0,0,Annual
UNICEF Netherlands National Committee,unicefnl,0,0,0,1,0,0,0,0,0,0,0,0,Annual
UNITAID,utd,1,2,2,3,0,0,0,0,0,0,0,0,Annual
UTZ,utz,0,1,0,1,0,0,0,0,0,0,0,0,Annual
UWEZO Youth Empowerment,uwezo_youth_empowerment,1,0,0,1,0,0,0,0,0,0,0,0,Annual
Uganda Martyrs University,umu,0,1,0,0,0,0,0,0,0,0,0,0,Annual
Unicef Belgium National Committee,ub,1,0,0,0,0,0,0,0,0,0,0,0,Annual
Union of Agricultural Work Committees,uawc,1,0,0,0,0,0,0,0,0,0,0,0,Annual
United Nations Central Emergency Response Fund (CERF),cerf,6,7,1,7,0,0,0,0,0,0,0,0,Annual
United Nations Children's Fund (UNICEF),unicef,0,1,2,1,0,0,0,0,0,0,0,0,Annual
United Nations Development Programme (UNDP),undp,0,2,1,1,0,0,0,0,0,0,0,0,Annual
United Nations Foundation,unf,0,1,0,0,0,0,0,0,0,0,0,0,Annual
United Nations High Commissioner for Refugees (UNHCR),unhcr,3,3,1,1,0,0,0,0,0,0,0,0,Annual
United Nations Industrial Development Organization (UNIDO),unido,1,1,1,1,0,0,0,0,0,0,0,0,Annual
United Nations Joint Programme on HIV and AIDS Secretariat (UNAIDS),unaids,1,0,2,0,0,0,0,0,0,0,0,0,Annual
United Nations Office for Project Services (UNOPS),unops,0,1,2,1,0,0,0,0,0,0,0,0,Annual
United Nations Office for the Coordination of Humanitarian Affairs (OCHA),unocha,6,5,5,10,0,0,0,0,0,0,0,0,Annual
United Nations Population Fund,unfpa,1,1,1,1,0,0,0,0,0,0,0,0,Annual
United Nations World Food Programme (WFP),wfp,1,1,1,1,0,0,0,0,0,0,0,0,Annual
United States,unitedstates,0,0,0,1,0,0,0,0,0,0,0,0,Annual
United States Agency for International Development (USAID),usaid,0,0,1,0,0,0,0,0,0,0,0,0,Annual
Universiteit Leiden,universiteit_leiden,0,0,0,1,0,0,0,0,0,0,0,0,Annual
University of Nottingham,uni_of_nottingham,0,1,0,0,0,0,0,0,0,0,0,0,Annual
Upper Quartile,uq,0,1,0,1,0,0,0,0,0,0,0,0,Annual
VEI (Vitens-Evides International),vei_nl,0,1,0,1,0,0,0,0,0,0,0,0,Annual
VNG International,vngi,0,0,0,1,0,0,0,0,0,0,0,0,Annual
VVOB Education for Development,vvob,0,0,0,1,0,0,0,0,0,0,0,0,Annual
VVSG - Vereniging van Vlaamse Steden en Gemeenten,vvsg,2,0,0,0,0,0,0,0,0,0,0,0,Annual
Voluntary Service Overseas (VSO),vso,0,1,0,0,0,0,0,0,0,0,0,0,Annual
WYG International B.V.,wygi,0,1,0,1,0,0,0,0,0,0,0,0,Annual
War Child Holland,warchildholland,1,1,1,1,0,0,0,0,0,0,0,0,Annual
War Child UK,wcuk,0,1,0,0,0,0,0,0,0,0,0,0,Annual
Water Finance Facility,wff,0,1,0,1,0,0,0,0,0,0,0,0,Annual
Wellfound,wellfound,1,0,0,1,0,0,0,0,0,0,0,0,Annual
Wolayita Development Association,woda_0486,0,0,0,1,0,0,0,0,0,0,0,0,Annual
Women for Women International (UK),wfwiuk,0,1,0,0,0,0,0,0,0,0,0,0,Annual
Women's Environment & Development Organization,wedo,0,0,0,1,0,0,0,0,0,0,0,0,Annual
World Child Cancer UK,wccuk,1,0,0,0,0,0,0,0,0,0,0,0,Annual
World Health Organization,who,0,1,0,0,0,0,0,0,0,0,0,0,Annual
World Resources Institute,wri,0,1,0,0,0,0,0,0,0,0,0,0,Annual
World University Service of Canada,wusc,0,1,1,0,0,0,0,0,0,0,0,0,Annual
World Vegetable Center,worldveg,1,0,0,0,0,0,0,0,0,0,0,0,Annual
World Vision Netherlands,wvnld,1,0,3,1,0,0,0,0,0,0,0,0,Annual
World Vision UK,wvuk,0,1,0,1,0,0,0,0,0,0,0,0,Annual
World Vision Zimbabwe,wvz-gec,0,1,0,0,0,0,0,0,0,0,0,0,Annual
World Wide Fund for Nature Belgium (WWF-BE),wwf-be,0,1,0,0,0,0,0,0,0,0,0,0,Annual
Worldwide Hospice Palliative Care Alliance,whpca,1,0,0,1,0,0,0,0,0,0,0,0,Annual
Y Care International,ycare,0,1,1,0,0,0,0,0,0,0,0,0,Annual
YWCA of Bangladesh,ywcabd,1,0,0,0,0,0,0,0,0,0,0,0,Annual
ZOA,zoa,0,1,0,1,0,0,0,0,0,0,0,0,Annual
Zoological Society of London,zsl,0,0,1,1,0,0,0,0,0,0,0,0,Annual
partos,partos_nl,0,0,1,0,0,0,0,0,0,0,0,0,Annual
50 Eight Limited,fifty_eight,0,0,0,0,0,0,0,0,0,0,0,0,Less than Annual
ABAAD - Resource Center for Gender Equality,arcfge,0,0,0,0,0,0,0,0,0,0,0,0,Less than Annual
ACODEV,acodev,0,0,0,0,0,0,0,0,0,0,0,0,Less than Annual
ACTED,acted,0,0,0,0,0,0,0,0,0,0,0,0,Less than Annual
ACTION AGAINST HUNGER SPAIN,acfspain,0,0,0,0,0,0,0,0,0,0,0,0,Less than Annual
ADRA Denmark,adra-dk,0,0,0,0,0,0,0,0,0,0,0,0,Less than Annual
ADS-Nyanza,ads-nyanza,0,0,0,0,0,0,0,0,0,0,0,0,Less than Annual
AIDSPAN,aidspan,0,0,0,0,0,0,0,0,0,0,0,0,Less than Annual
ANDA,anda,0,0,0,0,0,0,0,0,0,0,0,0,Less than Annual
APPRO-Europe,appro-eu,0,0,0,0,0,0,0,0,0,0,0,0,Less than Annual
ARK (Absolute Return for Kids),ark,0,0,0,0,0,0,0,0,0,0,0,0,Less than Annual
AVSI FOUNDATION IN UGANDA,avsi_uganda,0,0,0,0,0,0,0,0,0,0,0,0,Less than Annual
AVT-L Association of Victims of Terrorism Lebanon,avt-l,0,0,0,0,0,0,0,0,0,0,0,0,Less than Annual
AWEPA,awepa,0,0,0,0,0,0,0,0,0,0,0,0,Less than Annual
Aapasi Sahayog Kendra Syangja Nepal (ASK Nepal),ask,0,0,0,0,0,0,0,0,0,0,0,0,Less than Annual
Aasaman Nepal,aasaman,0,0,0,0,0,0,0,0,0,0,0,0,Less than Annual
Abaseen Foundation UK,abaseen,0,0,0,0,0,0,0,0,0,0,0,0,Less than Annual
Abt Associates Inc,abt,0,0,0,0,0,0,0,0,0,0,0,0,Less than Annual
Abt Britain Limited,abtbritain,0,0,0,0,0,0,0,0,0,0,0,0,Less than Annual
Academy for Health Development (AHEAD),ahead,0,0,0,0,0,0,0,0,0,0,0,0,Less than Annual
Académie de recherche et d'enseignement supérieur,ares,0,0,0,0,0,0,0,0,0,0,0,0,Less than Annual
Access to Seeds Foundation,atsf,0,0,0,0,0,0,0,0,0,0,0,0,Less than Annual
Accountable Now,accountablenow,0,0,0,0,0,0,0,0,0,0,0,0,Less than Annual
Acid Survivors Foundation,_admin,0,0,0,0,0,0,0,0,0,0,0,0,Less than Annual
Across,across,0,0,0,0,0,0,0,0,0,0,0,0,Less than Annual
Action Against Hunger USA,aahusa,0,0,0,0,0,0,0,0,0,0,0,0,Less than Annual
Action Contre la Faim,acf-fr,0,0,0,0,0,0,0,0,0,0,0,0,Less than Annual
ActionAid Bangladesh,aab,0,0,0,0,0,0,0,0,0,0,0,0,Less than Annual
ActionAid Denmark (Mellemfolkeligt Samvirke),aadk,0,0,0,0,0,0,0,0,0,0,0,0,Less than Annual
ActionAid Ghana,aag,0,0,0,0,0,0,0,0,0,0,0,0,Less than Annual
ActionAid International,aai,0,0,0,0,0,0,0,0,0,0,0,0,Less than Annual
Acumen,acumen,0,0,0,0,0,0,0,0,0,0,0,0,Less than Annual
Adaptation Fund,af,0,0,0,0,0,0,0,0,0,0,0,0,Less than Annual
Adventist Development and Relief Agency (ADRA Somalia),adrasom,0,0,0,0,0,0,0,0,0,0,0,0,Less than Annual
"Adventist Development and Relief Agency, Nepal",adra_nepal,0,0,0,0,0,0,0,0,0,0,0,0,Less than Annual
Aeras,aeras,0,0,0,0,0,0,0,0,0,0,0,0,Less than Annual
Afghanistan Public Policy Research Organization (APPRO),appro-af,0,0,0,0,0,0,0,0,0,0,0,0,Less than Annual
Afghanistan and Central Asian Association,acaa,0,0,0,0,0,0,0,0,0,0,0,0,Less than Annual
AfriKids,afrikids,0,0,0,0,0,0,0,0,0,0,0,0,Less than Annual
Africa Educational Trust,aet,0,0,0,0,0,0,0,0,0,0,0,0,Less than Annual
Africalia,africalia,0,0,0,0,0,0,0,0,0,0,0,0,Less than Annual
African Centre for Global Health and Social Transformation,achest,0,0,0,0,0,0,0,0,0,0,0,0,Less than Annual
African Parks Network,african_parks,0,0,0,0,0,0,0,0,0,0,0,0,Less than Annual
African Population and Health Research Center,aphrc,0,0,0,0,0,0,0,0,0,0,0,0,Less than Annual
African Revival,africanrevival,0,0,0,0,0,0,0,0,0,0,0,0,Less than Annual
Afrikagrupperna Sweden,afrikagrupperna,0,0,0,0,0,0,0,0,0,0,0,0,Less than Annual
AgResults Initiative,agresults,0,0,0,0,0,0,0,0,0,0,0,0,Less than Annual
Aga Khan Foundation Afghanistan,akf_afghanistan,0,0,0,0,0,0,0,0,0,0,0,0,Less than Annual
Agence Nationale d'Approvisionnement en Eau Potable en Milieu Rural du Benin,anaepmr_benin,0,0,0,0,0,0,0,0,0,0,0,0,Less than Annual
Agency for Cooperation and Research in Development (ACORD),acord,0,0,0,0,0,0,0,0,0,0,0,0,Less than Annual
AgriProFocus,agriprofocus,0,0,0,0,0,0,0,0,0,0,0,0,Less than Annual
Agulhas Applied Knowledge,aak,0,0,0,0,0,0,0,0,0,0,0,0,Less than Annual
AidData,aiddata,0,0,0,0,0,0,0,0,0,0,0,0,Less than Annual
Ajuda de Desenvolvimento de Povo para Povo (ADPP),adpp,0,0,0,0,0,0,0,0,0,0,0,0,Less than Annual
Aktis Strategy Ltd,aktis,0,0,0,0,0,0,0,0,0,0,0,0,Less than Annual
Al Quds Public Health Society,aqphs,0,0,0,0,0,0,0,0,0,0,0,0,Less than Annual
Alcis Holdings Limited,alcis,0,0,0,0,0,0,0,0,0,0,0,0,Less than Annual
Alfalit,alfalit,0,0,0,0,0,0,0,0,0,0,0,0,Less than Annual
All We Can (formerly Methodist Relief and Development Fund),allwecan,0,0,0,0,0,0,0,0,0,0,0,0,Less than Annual
American Friends Service Committee,afsc,0,0,0,0,0,0,0,0,0,0,0,0,Less than Annual
Amnesty International The Netherlands,amnesty,0,0,0,0,0,0,0,0,0,0,0,0,Less than Annual
Amnesty International UK Section Charitable Trust,aiuk,0,0,0,0,0,0,0,0,0,0,0,0,Less than Annual
Amref Flying Doctors,amrefnl,0,0,0,0,0,0,0,0,0,0,0,0,Less than Annual
Amref Health Africa - UK,amrefha,0,0,0,0,0,0,0,0,0,0,0,0,Less than Annual
Amref Health Africa Malawi,amrefmw,0,0,0,0,0,0,0,0,0,0,0,0,Less than Annual
Amref Health Africa in Ethiopia,amrefeth,0,0,0,0,0,0,0,0,0,0,0,0,Less than Annual
Amref Health Africa in Kenya,amrefkenya,0,0,0,0,0,0,0,0,0,0,0,0,Less than Annual
Amref Health Africa in Tanzania,amreftz,0,0,0,0,0,0,0,0,0,0,0,0,Less than Annual
Amref Health Africa in Uganda,amrefug,0,0,0,0,0,0,0,0,0,0,0,0,Less than Annual
Ananda Marga Universal Relief Team (AMURT) Africa,amurt_kenya,0,0,0,0,0,0,0,0,0,0,0,0,Less than Annual
Aqua for All,aqua4all,0,0,0,0,0,0,0,0,0,0,0,0,Less than Annual
Arab foundation for freedoms and equality,afemena,0,0,0,0,0,0,0,0,0,0,0,0,Less than Annual
Article19,art19,0,0,0,0,0,0,0,0,0,0,0,0,Less than Annual
Association Centrafricaine de Traduction de la Bible et Alphabetisation,acatba,0,0,0,0,0,0,0,0,0,0,0,0,Less than Annual
Association for Cultural Technical and Educational Cooperation (ACTEC),actec,0,0,0,0,0,0,0,0,0,0,0,0,Less than Annual
Association for Progressive Communication,apc,0,0,0,0,0,0,0,0,0,0,0,0,Less than Annual
Association for Reproductive and Family Health,arfh,0,0,0,0,0,0,0,0,0,0,0,0,Less than Annual
Association for Women's Rights in Development (AWID),awid,0,0,0,0,0,0,0,0,0,0,0,0,Less than Annual
Association of Commonwealth Universities,acu,0,0,0,0,0,0,0,0,0,0,0,0,Less than Annual
Atos IT Services Ltd,atosuk,0,0,0,0,0,0,0,0,0,0,0,0,Less than Annual
Atradius Dutch State Business,adsb,0,0,0,0,0,0,0,0,0,0,0,0,Less than Annual
Auschwitz Institute for the Prevention of Genocide and Mass Atrocities,aipr,0,0,0,0,0,0,0,0,0,0,0,0,Less than Annual
Auto-Développement Afrique (ADA),ada,0,0,0,0,0,0,0,0,0,0,0,0,Less than Annual
Autre Terre asbl,a-t,0,0,0,0,0,0,0,0,0,0,0,0,Less than Annual
Avocats Sans Frontières,asf,0,0,0,0,0,0,0,0,0,0,0,0,Less than Annual
BBC Media Action,bbcmediaaction,0,0,0,0,0,0,0,0,0,0,0,0,Less than Annual
BDO LLP,bdo,0,0,0,0,0,0,0,0,0,0,0,0,Less than Annual
BOS+ tropen,bos_plus_tropen,0,0,0,0,0,0,0,0,0,0,0,0,Less than Annual
BRAC,brac_admin2,0,0,0,0,0,0,0,0,0,0,0,0,Less than Annual
BRAC International,bracintl,0,0,0,0,0,0,0,0,0,0,0,0,Less than Annual
BRAC University,bu,0,0,0,0,0,0,0,0,0,0,0,0,Less than Annual
BSR,bsr_admin,0,0,0,0,0,0,0,0,0,0,0,0,Less than Annual
Babawatoto Centre For Children and Youth,bawacecy-tz,0,0,0,0,0,0,0,0,0,0,0,0,Less than Annual
Backward Society Education (BASE),base_22,0,0,0,0,0,0,0,0,0,0,0,0,Less than Annual
Balloon Ventures Foundation,bvf,0,0,0,0,0,0,0,0,0,0,0,0,Less than Annual
Bangladesh Nari Progati Sangha,bnps,0,0,0,0,0,0,0,0,0,0,0,0,Less than Annual
BasicNeeds,basicneeds,0,0,0,0,0,0,0,0,0,0,0,0,Less than Annual
Baylor College of Medicine Children's Foundation Malawi,bcm-cf,0,0,0,0,0,0,0,0,0,0,0,0,Less than Annual
Bees Abroad UK,bauk,0,0,0,0,0,0,0,0,0,0,0,0,Less than Annual
Bees for Development Trust,beesfordevelopment,0,0,0,0,0,0,0,0,0,0,0,0,Less than Annual
Belgian development agency (Enabel),enabel,0,0,0,0,0,0,0,0,0,0,0,0,Less than Annual
Benelux Afro Center,bac,0,0,0,0,0,0,0,0,0,0,0,0,Less than Annual
Berytech Foundation,berytech,0,0,0,0,0,0,0,0,0,0,0,0,Less than Annual
Beweging voor Internationale Solidariteit - Mouvement pour la Solidarité Internationale,bismsi,0,0,0,0,0,0,0,0,0,0,0,0,Less than Annual
Bibliothèques Sans Frontières,bsf1,0,0,0,0,0,0,0,0,0,0,0,0,Less than Annual
Bioclimate Research and Development,bioclimate,0,0,0,0,0,0,0,0,0,0,0,0,Less than Annual
Blue Ventures Conservation,blueventures,0,0,0,0,0,0,0,0,0,0,0,0,Less than Annual
BoP Innovation Center,bopinc,0,0,0,0,0,0,0,0,0,0,0,0,Less than Annual
Boston University,bu-carbx-admin,0,0,0,0,0,0,0,0,0,0,0,0,Less than Annual
Brigham and Women's Hospital,bwh,0,0,0,0,0,0,0,0,0,0,0,0,Less than Annual
Brujula Comunicaciones Estrategicas SAS,brujula,0,0,0,0,0,0,0,0,0,0,0,0,Less than Annual
Brulocalis,brulocalis,0,0,0,0,0,0,0,0,0,0,0,0,Less than Annual
Bucks Community NGO,bucksfarm,0,0,0,0,0,0,0,0,0,0,0,0,Less than Annual
Burns Violence Survivors - Nepal,bvs-nepal,0,0,0,0,0,0,0,0,0,0,0,0,Less than Annual
Business in the Community,bitc,0,0,0,0,0,0,0,0,0,0,0,0,Less than Annual
C40 Cities Climate Leadership Group,c40cities,0,0,0,0,0,0,0,0,0,0,0,0,Less than Annual
CABI,cabi,0,0,0,0,0,0,0,0,0,0,0,0,Less than Annual
CARE BENIN/TOGO,carebenintogo,0,0,0,0,0,0,0,0,0,0,0,0,Less than Annual
CARE Danmark Fonden for Frivillig Ulandsbistand,12921047,0,0,0,0,0,0,0,0,0,0,0,0,Less than Annual
CARE International Afghanistan,ciafg,0,0,0,0,0,0,0,0,0,0,0,0,Less than Annual
CARE International in Zimbabwe,ciz,0,0,0,0,0,0,0,0,0,0,0,0,Less than Annual
CARE international foundation Switzerland in Sudan,cis,0,0,0,0,0,0,0,0,0,0,0,0,Less than Annual
CDA Collaborative Learning Projects,cda,0,0,0,0,0,0,0,0,0,0,0,0,Less than Annual
CDAC Network,cdacnetwork,0,0,0,0,0,0,0,0,0,0,0,0,Less than Annual
CDC Group plc,cdc,0,0,0,0,0,0,0,0,0,0,0,0,Less than Annual
CHEKA SANA TANZANIA,cst,0,0,0,0,0,0,0,0,0,0,0,0,Less than Annual
CIFAL Scotland,cifal,0,0,0,0,0,0,0,0,0,0,0,0,Less than Annual
CINI,cini_jhk,0,0,0,0,0,0,0,0,0,0,0,0,Less than Annual
CIVICUS World Alliance for Citizen Participation,civicus,0,0,0,0,0,0,0,0,0,0,0,0,Less than Annual
CLASP,clasp,0,0,0,0,0,0,0,0,0,0,0,0,Less than Annual
CNV Internationaal,nl-kvk-54436222-27541,0,0,0,0,0,0,0,0,0,0,0,0,Less than Annual
CODA International,coda,0,0,0,0,0,0,0,0,0,0,0,0,Less than Annual
COMMISSION JUSTICE ET PAIX ASBL (cjp),cjp,0,0,0,0,0,0,0,0,0,0,0,0,Less than Annual
CRANE,crane,0,0,0,0,0,0,0,0,0,0,0,0,Less than Annual
CREA,creausa-org,0,0,0,0,0,0,0,0,0,0,0,0,Less than Annual
CUAMM Trustees,cuammtrustees,0,0,0,0,0,0,0,0,0,0,0,0,Less than Annual
Canon Collins Trust,canoncollinstrust,0,0,0,0,0,0,0,0,0,0,0,0,Less than Annual
Carbon Trust Advisory Ltd,carbontrustadvisory,0,0,0,0,0,0,0,0,0,0,0,0,Less than Annual
Carers Worldwide,cww,0,0,0,0,0,0,0,0,0,0,0,0,Less than Annual
Caribbean Development Bank (CDB),caribank,0,0,0,0,0,0,0,0,0,0,0,0,Less than Annual
Caritas Finland,caritasfin,0,0,0,0,0,0,0,0,0,0,0,0,Less than Annual
Caritas Serbia,caritas_serbia,0,0,0,0,0,0,0,0,0,0,0,0,Less than Annual
Cecily's Fund,cecily,0,0,0,0,0,0,0,0,0,0,0,0,Less than Annual
Center for Civilians in Conflict,civic_admin,0,0,0,0,0,0,0,0,0,0,0,0,Less than Annual
Center for International Studies and Cooperation,ceci,0,0,0,0,0,0,0,0,0,0,0,0,Less than Annual
Center for Research on Environment Health and Population Activities (CREHPA),crehpa,0,0,0,0,0,0,0,0,0,0,0,0,Less than Annual
Centre For Citizens With Disabilities,ccdnigeria,0,0,0,0,0,0,0,0,0,0,0,0,Less than Annual
Centre International de Développement et de Recherche,cidr,0,0,0,0,0,0,0,0,0,0,0,0,Less than Annual
Centre National de Coopération au Développement (CNCD-11.11.11),cncd,0,0,0,0,0,0,0,0,0,0,0,0,Less than Annual
Centre for Economic Policy Research,cepr,0,0,0,0,0,0,0,0,0,0,0,0,Less than Annual
Centre for Environment Human Rights and Development,cehrd1,0,0,0,0,0,0,0,0,0,0,0,0,Less than Annual
Centre for Humanitarian Dialogue (HD Centre),hdcentre,0,0,0,0,0,0,0,0,0,0,0,0,Less than Annual
Centre for Indian Knowledge Systems,ciks,0,0,0,0,0,0,0,0,0,0,0,0,Less than Annual
Centre for Legal Research and Development,clerd-prpi,0,0,0,0,0,0,0,0,0,0,0,0,Less than Annual
Centre for the Study of Adolescence,csa-kenya,0,0,0,0,0,0,0,0,0,0,0,0,Less than Annual
Centro de Promocion y Defensa de los Derechos Sexuales y Reproductivos,promsex,0,0,0,0,0,0,0,0,0,0,0,0,Less than Annual
Cesvi,cesvi,0,0,0,0,0,0,0,0,0,0,0,0,Less than Annual
Chama cha Uzazi na Malezi Bora Tanzania (UMATI),umati,0,0,0,0,0,0,0,0,0,0,0,0,Less than Annual
Chance for Childhood,chanceforchildhood,0,0,0,0,0,0,0,0,0,0,0,0,Less than Annual
Charity Projects Ltd (Comic Relief),cprojects,0,0,0,0,0,0,0,0,0,0,0,0,Less than Annual
Chaîne de l'Espoir Belgique / Keten van Hoop België / Chain of Hope Belgium,cdeb-kvhb_admin,0,0,0,0,0,0,0,0,0,0,0,0,Less than Annual
Cheshire Services Uganda,csu,0,0,0,0,0,0,0,0,0,0,0,0,Less than Annual
Child-to-Child,ctc,0,0,0,0,0,0,0,0,0,0,0,0,Less than Annual
Child.org,child-dot_org,0,0,0,0,0,0,0,0,0,0,0,0,Less than Annual
ChildFund International,childfund,0,0,0,0,0,0,0,0,0,0,0,0,Less than Annual
Children in Crisis,cic,0,0,0,0,0,0,0,0,0,0,0,0,Less than Annual
Children in Crossfire,cicni,0,0,0,0,0,0,0,0,0,0,0,0,Less than Annual
Christian Aid Ireland,caid_ireland,0,0,0,0,0,0,0,0,0,0,0,0,Less than Annual
Christian Blind Mission (UK) Ltd.,cbm,0,0,0,0,0,0,0,0,0,0,0,0,Less than Annual
Christian Engineers in Development,ced,0,0,0,0,0,0,0,0,0,0,0,0,Less than Annual
Clean Clothes Campaign,ccc,0,0,0,0,0,0,0,0,0,0,0,0,Less than Annual
ClientEarth,clientearth-1,0,0,0,0,0,0,0,0,0,0,0,0,Less than Annual
Climate Policy Initiative,cpi,0,0,0,0,0,0,0,0,0,0,0,0,Less than Annual
Coalition for Epidemic Preparedness Innovations,cepi,0,0,0,0,0,0,0,0,0,0,0,0,Less than Annual
ColaLife,colalife,0,0,0,0,0,0,0,0,0,0,0,0,Less than Annual
Collectif Stratégies Alimentaires,csa,0,0,0,0,0,0,0,0,0,0,0,0,Less than Annual
Commune de Adja-Ouere - Bénin,adja-ouere,0,0,0,0,0,0,0,0,0,0,0,0,Less than Annual
Commune de Adjarra - Bénin,adjarra,0,0,0,0,0,0,0,0,0,0,0,0,Less than Annual
Commune de Adjohoun - Bénin,adjohoun,0,0,0,0,0,0,0,0,0,0,0,0,Less than Annual
Commune de Akpro-Missérété - Bénin,akpro-misserete,0,0,0,0,0,0,0,0,0,0,0,0,Less than Annual
Commune de Allada - Bénin,allada,0,0,0,0,0,0,0,0,0,0,0,0,Less than Annual
Commune de Aplahoué - Bénin,aplahoue,0,0,0,0,0,0,0,0,0,0,0,0,Less than Annual
Commune de Avrankou - Bénin,avrankou,0,0,0,0,0,0,0,0,0,0,0,0,Less than Annual
Commune de Bopa - Bénin,bopa,0,0,0,0,0,0,0,0,0,0,0,0,Less than Annual
Commune de Comè - Bénin,come,0,0,0,0,0,0,0,0,0,0,0,0,Less than Annual
Commune de Dangbo - Benin,dangbo,0,0,0,0,0,0,0,0,0,0,0,0,Less than Annual
Commune de Ifangni - Bénin,ifangni,0,0,0,0,0,0,0,0,0,0,0,0,Less than Annual
Commune de Klouékanmè - Bénin,klouekanme,0,0,0,0,0,0,0,0,0,0,0,0,Less than Annual
Commune de Kpomassè - Bénin,kpomasse,0,0,0,0,0,0,0,0,0,0,0,0,Less than Annual
Commune de Kétou - Bénin,ketou,0,0,0,0,0,0,0,0,0,0,0,0,Less than Annual
Commune de Lalo - Bénin,lalo,0,0,0,0,0,0,0,0,0,0,0,0,Less than Annual
Commune de Parakou - Bénin,parakou,0,0,0,0,0,0,0,0,0,0,0,0,Less than Annual
Commune de Pobè - Bénin,pobe,0,0,0,0,0,0,0,0,0,0,0,0,Less than Annual
Commune de Toffo - Bénin,toffo,0,0,0,0,0,0,0,0,0,0,0,0,Less than Annual
Commune de Toviklin - Bénin,toviklin,0,0,0,0,0,0,0,0,0,0,0,0,Less than Annual
Commune de Zè - Bénin,ze,0,0,0,0,0,0,0,0,0,0,0,0,Less than Annual
Concordis International,concordis,0,0,0,0,0,0,0,0,0,0,0,0,Less than Annual
Conflict Dynamics International,cdi,0,0,0,0,0,0,0,0,0,0,0,0,Less than Annual
"Conflict, Stability and Security Fund",cssf,0,0,0,0,0,0,0,0,0,0,0,0,Less than Annual
Congodorpen vzw,congodorpen,0,0,0,0,0,0,0,0,0,0,0,0,Less than Annual
Consortium for Street Children,csc,0,0,0,0,0,0,0,0,0,0,0,0,Less than Annual
Construction Sector Transparency Initiative (CoST),cost_uk,0,0,0,0,0,0,0,0,0,0,0,0,Less than Annual
Coopération par l'Education et la Culture,cec,0,0,0,0,0,0,0,0,0,0,0,0,Less than Annual
Cord,cord,0,0,0,0,0,0,0,0,0,0,0,0,Less than Annual
Cowater International Inc,cowater,0,0,0,0,0,0,0,0,0,0,0,0,Less than Annual
Croix-Rouge de Belgique Communauté francophone - Activités internationales ASBL,crb-ai_admin,0,0,0,0,0,0,0,0,0,0,0,0,Less than Annual
Cross-Government Prosperity Fund,prosperityfund,0,0,0,0,0,0,0,0,0,0,0,0,Less than Annual
Cyan International,cyan,0,0,0,0,0,0,0,0,0,0,0,0,Less than Annual
D-Rev,d-rev,0,0,0,0,0,0,0,0,0,0,0,0,Less than Annual
D. Capital Partners,dcapitalpartners,0,0,0,0,0,0,0,0,0,0,0,0,Less than Annual
DAI Global Health,healthpartners-international,0,0,0,0,0,0,0,0,0,0,0,0,Less than Annual
DECP,decp,0,0,0,0,0,0,0,0,0,0,0,0,Less than Annual
DKT - (Pakistan),dkt,0,0,0,0,0,0,0,0,0,0,0,0,Less than Annual
DKT Ethiopia,dkt_ethiopia,0,0,0,0,0,0,0,0,0,0,0,0,Less than Annual
DNH Mali (Direction Nationale de l’Hydraulique du Mali),pca-gire,0,0,0,0,0,0,0,0,0,0,0,0,Less than Annual
DUF - The Danish Youth Council,duf,0,0,0,0,0,0,0,0,0,0,0,0,Less than Annual
Damiaanactie / Action Damien,damien-foundation,0,0,0,0,0,0,0,0,0,0,0,0,Less than Annual
Danish Family Planning Association,dfpa,0,0,0,0,0,0,0,0,0,0,0,0,Less than Annual
Dansk Missionråds Udviklingsafdeling,dmru,0,0,0,0,0,0,0,0,0,0,0,0,Less than Annual
DeafKidz International,dki1151219,0,0,0,0,0,0,0,0,0,0,0,0,Less than Annual
Defence for Children International Netherlands - ECPAT Netherlands,dciecpatnl,0,0,0,0,0,0,0,0,0,0,0,0,Less than Annual
Delivery Associates Ltd,delivery_associates,0,0,0,0,0,0,0,0,0,0,0,0,Less than Annual
Deloitte Touche Tohmatsu India LLP,dttillp,0,0,0,0,0,0,0,0,0,0,0,0,Less than Annual
Democratic Governance Facility,dgf,0,0,0,0,0,0,0,0,0,0,0,0,Less than Annual
Desmond Tutu HIV Foundation,dthfxx12,0,0,0,0,0,0,0,0,0,0,0,0,Less than Annual
Development Aid from People to People (DAPP) Malawi,dapp,0,0,0,0,0,0,0,0,0,0,0,0,Less than Annual
Development Media International,dmi_admin,0,0,0,0,0,0,0,0,0,0,0,0,Less than Annual
Development Organisation of the Rural Poor,dorp-org,0,0,0,0,0,0,0,0,0,0,0,0,Less than Annual
Developments In Literacy Trust UK,diltuk,0,0,0,0,0,0,0,0,0,0,0,0,Less than Annual
Diakonia Sweden,diakonia802017-3517,0,0,0,0,0,0,0,0,0,0,0,0,Less than Annual
Digital Campus,dc,0,0,0,0,0,0,0,0,0,0,0,0,Less than Annual
Disability Rights Advocacy Fund,draf,0,0,0,0,0,0,0,0,0,0,0,0,Less than Annual
Disability Rights Fund,drf,0,0,0,0,0,0,0,0,0,0,0,0,Less than Annual
Disabled People's Organisations Denmark,dpod,0,0,0,0,0,0,0,0,0,0,0,0,Less than Annual
Djapo,djapo,0,0,0,0,0,0,0,0,0,0,0,0,Less than Annual
Doctors of the World UK,dotw_uk,0,0,0,0,0,0,0,0,0,0,0,0,Less than Annual
Doctors with Africa CUAMM,cuamm,0,0,0,0,0,0,0,0,0,0,0,0,Less than Annual
Drugs for Neglected Diseases initiative,dndi_transparency,0,0,0,0,0,0,0,0,0,0,0,0,Less than Annual
Dynamo International asbl,dynamo_international,0,0,0,0,0,0,0,0,0,0,0,0,Less than Annual
Défi Belgique Afrique,dba,0,0,0,0,0,0,0,0,0,0,0,0,Less than Annual
Dóchas - Irish Association of Non Governmental Development Organisations,dochas,0,0,0,0,0,0,0,0,0,0,0,0,Less than Annual
Echos Communication,ec,0,0,0,0,0,0,0,0,0,0,0,0,Less than Annual
Eclosio,eclosio,0,0,0,0,0,0,0,0,0,0,0,0,Less than Annual
Eco-fuel Africa Limited,eco-fuelafrica,0,0,0,0,0,0,0,0,0,0,0,0,Less than Annual
Economic and Social Research Foundation (ESRF),esrf,0,0,0,0,0,0,0,0,0,0,0,0,Less than Annual
Ecorys Nederland B.V.,ecorysnl,0,0,0,0,0,0,0,0,0,0,0,0,Less than Annual
Educate!,educate,0,0,0,0,0,0,0,0,0,0,0,0,Less than Annual
Education Development Trust,edt_kenya,0,0,0,0,0,0,0,0,0,0,0,0,Less than Annual
Emissa,emissa,0,0,0,0,0,0,0,0,0,0,0,0,Less than Annual
Emmanuel International UK,eiuk,0,0,0,0,0,0,0,0,0,0,0,0,Less than Annual
Energy 4 Impact,e4i,0,0,0,0,0,0,0,0,0,0,0,0,Less than Annual
Energy Saving Trust,energy_saving_trust,0,0,0,0,0,0,0,0,0,0,0,0,Less than Annual
Enfance Tiers Monde Kinderen Derde Wereld,etmkdw,0,0,0,0,0,0,0,0,0,0,0,0,Less than Annual
EngenderHealth Ethiopia,engenderhealth_eth,0,0,0,0,0,0,0,0,0,0,0,0,Less than Annual
Engineers Without Borders Canada,ewb_canada,0,0,0,0,0,0,0,0,0,0,0,0,Less than Annual
Enhanced Integrated Framework,eif,0,0,0,0,0,0,0,0,0,0,0,0,Less than Annual
Entraide et Fraternité,ef_,0,0,0,0,0,0,0,0,0,0,0,0,Less than Annual
Environmental Centre for Oil Spills and Gas Flaring (NACGOND),nacgond-,0,0,0,0,0,0,0,0,0,0,0,0,Less than Annual
Ethical Trading Initiative,eti,0,0,0,0,0,0,0,0,0,0,0,0,Less than Annual
Ethiopian Horticulture Producer Exporters Association (EHPEA),ehpea,0,0,0,0,0,0,0,0,0,0,0,0,Less than Annual
European Institute of Peace,eip,0,0,0,0,0,0,0,0,0,0,0,0,Less than Annual
EveryChild,evc,0,0,0,0,0,0,0,0,0,0,0,0,Less than Annual
Excellent Development,excellent,0,0,0,0,0,0,0,0,0,0,0,0,Less than Annual
Exeter Ethiopia Link,eel,0,0,0,0,0,0,0,0,0,0,0,0,Less than Annual
FHI360,fhi360,0,0,0,0,0,0,0,0,0,0,0,0,Less than Annual
FIAN Belgium,fian-belgium,0,0,0,0,0,0,0,0,0,0,0,0,Less than Annual
FRANK Water,frankwater,0,0,0,0,0,0,0,0,0,0,0,0,Less than Annual
Fairfood International,fairfood,0,0,0,0,0,0,0,0,0,0,0,0,Less than Annual
Fairtrade Belgium,fairtrade_be,0,0,0,0,0,0,0,0,0,0,0,0,Less than Annual
Fairtrade Labelling Organizations International e.V.,fairtrade_international,0,0,0,0,0,0,0,0,0,0,0,0,Less than Annual
Faith to Action Network,f2a,0,0,0,0,0,0,0,0,0,0,0,0,Less than Annual
Family Aids Caring Trust,fact,0,0,0,0,0,0,0,0,0,0,0,0,Less than Annual
Family Counseling and Development Foundation,fcdf,0,0,0,0,0,0,0,0,0,0,0,0,Less than Annual
Family Guidance Association of Ethiopia,fgae_ethiopia,0,0,0,0,0,0,0,0,0,0,0,0,Less than Annual
Family Life Education Program,flepuganda,0,0,0,0,0,0,0,0,0,0,0,0,Less than Annual
Fauna & Flora International,ffi_publisher,0,0,0,0,0,0,0,0,0,0,0,0,Less than Annual
Federation of Women Lawyers Kenya,fida,0,0,0,0,0,0,0,0,0,0,0,0,Less than Annual
Fiabel,fiabel,0,0,0,0,0,0,0,0,0,0,0,0,Less than Annual
Find Your Feet,fyf,0,0,0,0,0,0,0,0,0,0,0,0,Less than Annual
Fondation Hirondelle,fh_ch,0,0,0,0,0,0,0,0,0,0,0,0,Less than Annual
Fonds voor Ontwikkelingssamenwerking - Socialistische Solidariteit VZW,fos,0,0,0,0,0,0,0,0,0,0,0,0,Less than Annual
Forests Monitor,fm,0,0,0,0,0,0,0,0,0,0,0,0,Less than Annual
Forum Universitaire pour la Coopération Internationale au Développement -FUCID ASBL,fucid,0,0,0,0,0,0,0,0,0,0,0,0,Less than Annual
Freedom Forum,ff,0,0,0,0,0,0,0,0,0,0,0,0,Less than Annual
Friends of Kipkelion,kipkelion,0,0,0,0,0,0,0,0,0,0,0,0,Less than Annual
"Friends of the Earth England, Wales and Northern Ireland",foe_ewni,0,0,0,0,0,0,0,0,0,0,0,0,Less than Annual
Friends of the Earth-Ghana,foe-ghana,0,0,0,0,0,0,0,0,0,0,0,0,Less than Annual
Fundacion Acceso,fundacion-acceso,0,0,0,0,0,0,0,0,0,0,0,0,Less than Annual
Fundación Fondo Mujeres del Sur,fms,0,0,0,0,0,0,0,0,0,0,0,0,Less than Annual
Fundación Oriéntame,orientame,0,0,0,0,0,0,0,0,0,0,0,0,Less than Annual
Fundo de Investimento e Patrimonio do Abastecimento de Água (FIPAG),fipag,0,0,0,0,0,0,0,0,0,0,0,0,Less than Annual
GEF Secretariat,gef,0,0,0,0,0,0,0,0,0,0,0,0,Less than Annual
GEMS Education Solutions,mgcubed,0,0,0,0,0,0,0,0,0,0,0,0,Less than Annual
GEOMOUN ASBL,geomoun,0,0,0,0,0,0,0,0,0,0,0,0,Less than Annual
GOGLA - Global Off-Grid Lighting Association,gogla,0,0,0,0,0,0,0,0,0,0,0,0,Less than Annual
Gender Links,gl,0,0,0,0,0,0,0,0,0,0,0,0,Less than Annual
Girls Not Brides: The Global Partnership to End Child Marriage,girlsnotbrides,0,0,0,0,0,0,0,0,0,0,0,0,Less than Annual
Giro555 (Stichting Samenwerkende Hulporganisaties),giro555,0,0,0,0,0,0,0,0,0,0,0,0,Less than Annual
GiveDirectly,givedirectly,0,0,0,0,0,0,0,0,0,0,0,0,Less than Annual
Global Action Nepal,gan,0,0,0,0,0,0,0,0,0,0,0,0,Less than Annual
Global Alliance for TB Drug Development,tb-a,0,0,0,0,0,0,0,0,0,0,0,0,Less than Annual
Global Focus,globaltfokus,0,0,0,0,0,0,0,0,0,0,0,0,Less than Annual
Global Fund to End Modern Slavery,gfems,0,0,0,0,0,0,0,0,0,0,0,0,Less than Annual
Global Green Growth Institute (GGGI),gggi,0,0,0,0,0,0,0,0,0,0,0,0,Less than Annual
Global Integrity,globalintegrity,0,0,0,0,0,0,0,0,0,0,0,0,Less than Annual
Global Network of People Living with HIV (GNP+),gnpplus,0,0,0,0,0,0,0,0,0,0,0,0,Less than Annual
Global Network of Sex Work Projects (NSWP),nswp,0,0,0,0,0,0,0,0,0,0,0,0,Less than Annual
Global Partnership for Education,gpe,0,0,0,0,0,0,0,0,0,0,0,0,Less than Annual
Groupe Pivot Santé Population,gpsp-org,0,0,0,0,0,0,0,0,0,0,0,0,Less than Annual
Grow Movement,growmovement_admin,0,0,0,0,0,0,0,0,0,0,0,0,Less than Annual
HM Treasury,hmtfitb,0,0,0,0,0,0,0,0,0,0,0,0,Less than Annual
HTSPE,htspe,0,0,0,0,0,0,0,0,0,0,0,0,Less than Annual
Habitat for Humanity Great Britain,hfhgb,0,0,0,0,0,0,0,0,0,0,0,0,Less than Annual
Hagar International UK,hagar_uk,0,0,0,0,0,0,0,0,0,0,0,0,Less than Annual
Haiti Hospital Appeal,hha,0,0,0,0,0,0,0,0,0,0,0,0,Less than Annual
Hand in Hand International,handinhand,0,0,0,0,0,0,0,0,0,0,0,0,Less than Annual
Handicap International,hifed,0,0,0,0,0,0,0,0,0,0,0,0,Less than Annual
Handicap International Belgique,hib,0,0,0,0,0,0,0,0,0,0,0,0,Less than Annual
Handicap International Federation,hi_fed,0,0,0,0,0,0,0,0,0,0,0,0,Less than Annual
Health Insurance Fund,hif,0,0,0,0,0,0,0,0,0,0,0,0,Less than Annual
HealthNet TPO,healthnet,0,0,0,0,0,0,0,0,0,0,0,0,Less than Annual
HealthProm,hp_12,0,0,0,0,0,0,0,0,0,0,0,0,Less than Annual
Healthright International-Kenya,hri,0,0,0,0,0,0,0,0,0,0,0,0,Less than Annual
Heartland Alliance International,ha-i,0,0,0,0,0,0,0,0,0,0,0,0,Less than Annual
Heifer International South Africa,hsa,0,0,0,0,0,0,0,0,0,0,0,0,Less than Annual
Heifer Nederland,heifernederland,0,0,0,0,0,0,0,0,0,0,0,0,Less than Annual
Helvetas Swiss Intercooperation,hsi,0,0,0,0,0,0,0,0,0,0,0,0,Less than Annual
HiiL innovating Justice,hiil_mfa,0,0,0,0,0,0,0,0,0,0,0,0,Less than Annual
Hilfswerk Austria Zimbabwe,hwa-zm,0,0,0,0,0,0,0,0,0,0,0,0,Less than Annual
Homeless International,hi,0,0,0,0,0,0,0,0,0,0,0,0,Less than Annual
Horizons for Green Development,horizons,0,0,0,0,0,0,0,0,0,0,0,0,Less than Annual
Hospice Africa Ltd,hauk,0,0,0,0,0,0,0,0,0,0,0,0,Less than Annual
Human Relief Foundation,hrf,0,0,0,0,0,0,0,0,0,0,0,0,Less than Annual
I Choose Life Africa,ke-ngc-3372,0,0,0,0,0,0,0,0,0,0,0,0,Less than Annual
ICA:UK,icauk,0,0,0,0,0,0,0,0,0,0,0,0,Less than Annual
ICS,ics,0,0,0,0,0,0,0,0,0,0,0,0,Less than Annual
IDEO.org,ideo_org,0,0,0,0,0,0,0,0,0,0,0,0,Less than Annual
"IDH, the Sustainable Trade Initiative",idh,0,0,0,0,0,0,0,0,0,0,0,0,Less than Annual
IDinsight,idinsight,0,0,0,0,0,0,0,0,0,0,0,0,Less than Annual
IFOAM - Organics International,ifoam,0,0,0,0,0,0,0,0,0,0,0,0,Less than Annual
IMA World Health,us-imawh,0,0,0,0,0,0,0,0,0,0,0,0,Less than Annual
IMD Moçambique,imdmozambique,0,0,0,0,0,0,0,0,0,0,0,0,Less than Annual
INTERNATIONAL DISABILITY ALLIANCE,ida,0,0,0,0,0,0,0,0,0,0,0,0,Less than Annual
INTOSAI Development Initiative,idi,0,0,0,0,0,0,0,0,0,0,0,0,Less than Annual
INTRAC,intrac,0,0,0,0,0,0,0,0,0,0,0,0,Less than Annual
IOD PARC,iodparc,0,0,0,0,0,0,0,0,0,0,0,0,Less than Annual
IPE Global Limited,ipeglobal,0,0,0,0,0,0,0,0,0,0,0,0,Less than Annual
IREX (International Research and Exchange Board),irex,0,0,0,0,0,0,0,0,0,0,0,0,Less than Annual
ITECO - Centre de formation pour le développement,iteco,0,0,0,0,0,0,0,0,0,0,0,0,Less than Annual
Iles de Paix,idp,0,0,0,0,0,0,0,0,0,0,0,0,Less than Annual
Impunity Watch,iw_admin,0,0,0,0,0,0,0,0,0,0,0,0,Less than Annual
Index Initiative Foundation,iif,0,0,0,0,0,0,0,0,0,0,0,0,Less than Annual
Indigo Trust,indtrust,0,0,0,0,0,0,0,0,0,0,0,0,Less than Annual
"Institut National de l'Eau, Benin",ine_benin,0,0,0,0,0,0,0,0,0,0,0,0,Less than Annual
Institute for International Workers Education,iiwe,0,0,0,0,0,0,0,0,0,0,0,0,Less than Annual
Institute for Security Studies,issafrica,0,0,0,0,0,0,0,0,0,0,0,0,Less than Annual
Institute for War & Peace Reporting,iwpr,0,0,0,0,0,0,0,0,0,0,0,0,Less than Annual
Institute of Tropical Medicine,itm,0,0,0,0,0,0,0,0,0,0,0,0,Less than Annual
Integrity Research and Consultancy Ltd,integrity,0,0,0,0,0,0,0,0,0,0,0,0,Less than Annual
InterAction,interaction,0,0,0,0,0,0,0,0,0,0,0,0,Less than Annual
InterClimate Network,icn,0,0,0,0,0,0,0,0,0,0,0,0,Less than Annual
Interact Worldwide,iww_publish,0,0,0,0,0,0,0,0,0,0,0,0,Less than Annual
International Aids Vaccine Initiative (IAVI),iavi,0,0,0,0,0,0,0,0,0,0,0,0,Less than Annual
International Center for Not-for-Profit Law,icnl_org,0,0,0,0,0,0,0,0,0,0,0,0,Less than Annual
International Center for Transitional Justice,ictj,0,0,0,0,0,0,0,0,0,0,0,0,Less than Annual
International Centre of Insect Physiology and Ecology (icipe),icipe,0,0,0,0,0,0,0,0,0,0,0,0,Less than Annual
International Child Development Initiatives,icdi,0,0,0,0,0,0,0,0,0,0,0,0,Less than Annual
International Climate Initiative / BMU - IKI Secretariat,bmu_iki,0,0,0,0,0,0,0,0,0,0,0,0,Less than Annual
International Crisis Group,crisisgroup,0,0,0,0,0,0,0,0,0,0,0,0,Less than Annual
International Federation of Accountants,ifac,0,0,0,0,0,0,0,0,0,0,0,0,Less than Annual
International Fertilizer Development Center,ifdc-us,0,0,0,0,0,0,0,0,0,0,0,0,Less than Annual
International IDEA,idea,0,0,0,0,0,0,0,0,0,0,0,0,Less than Annual
International Indigenous Women Forum,fimi_iiwf_2019,0,0,0,0,0,0,0,0,0,0,0,0,Less than Annual
International Initiative for Impact Evaluation,3ie,0,0,0,0,0,0,0,0,0,0,0,0,Less than Annual
International Labour Organization (ILO),ilo,0,0,0,0,0,0,0,0,0,0,0,0,Less than Annual
International Law & Policy Institute (ILPI),ilpi,0,0,0,0,0,0,0,0,0,0,0,0,Less than Annual
International Media Support,ims,0,0,0,0,0,0,0,0,0,0,0,0,Less than Annual
International Monetary Fund,imf,0,0,0,0,0,0,0,0,0,0,0,0,Less than Annual
International NGO Safety Orgnisation,inso,0,0,0,0,0,0,0,0,0,0,0,0,Less than Annual
International Network for Bamboo and Rattan (INBAR),inbar,0,0,0,0,0,0,0,0,0,0,0,0,Less than Annual
International Network of People who Use Drugs (INPUD),inpud_admin,0,0,0,0,0,0,0,0,0,0,0,0,Less than Annual
International Potato Center,cip,0,0,0,0,0,0,0,0,0,0,0,0,Less than Annual
International Procurement Agency,ipa,0,0,0,0,0,0,0,0,0,0,0,0,Less than Annual
International Service,unais,0,0,0,0,0,0,0,0,0,0,0,0,Less than Annual
International Trade Centre (ITC),itc,0,0,0,0,0,0,0,0,0,0,0,0,Less than Annual
International Treatment Preparedness Coalition (ITPC),itpc,0,0,0,0,0,0,0,0,0,0,0,0,Less than Annual
International Union for Conservation of Nature and Natural Resources,iucn,0,0,0,0,0,0,0,0,0,0,0,0,Less than Annual
International Youth Alliance for Family Planning,iyafp,0,0,0,0,0,0,0,0,0,0,0,0,Less than Annual
Interpeace,interpeace,0,0,0,0,0,0,0,0,0,0,0,0,Less than Annual
IntraHealth International,intrahealth,0,0,0,0,0,0,0,0,0,0,0,0,Less than Annual
Iraq Foundation,iraq_foundation,0,0,0,0,0,0,0,0,0,0,0,0,Less than Annual
Ireland - Department of Foreign Affairs and Trade,irishaid,0,0,0,0,0,0,0,0,0,0,0,0,Less than Annual
"Iringa Development of Youth, Disabled and Children Care",idydc,0,0,0,0,0,0,0,0,0,0,0,0,Less than Annual
Itad,itad,0,0,0,0,0,0,0,0,0,0,0,0,Less than Annual
Japan International Cooperation Agency (JICA),jica,0,0,0,0,0,0,0,0,0,0,0,0,Less than Annual
Jeevika Trust,jeevika_trust,0,0,0,0,0,0,0,0,0,0,0,0,Less than Annual
Johns Hopkins University,gi-jhu,0,0,0,0,0,0,0,0,0,0,0,0,Less than Annual
Just Associates,jass,0,0,0,0,0,0,0,0,0,0,0,0,Less than Annual
KIYO,kiyo,0,0,0,0,0,0,0,0,0,0,0,0,Less than Annual
Kadaster International,kad,0,0,0,0,0,0,0,0,0,0,0,0,Less than Annual
Karuna Trust,karuna,0,0,0,0,0,0,0,0,0,0,0,0,Less than Annual
Kenya National Commission on Human Rights,knchr,0,0,0,0,0,0,0,0,0,0,0,0,Less than Annual
Kenya Private Sector Alliance,kepsa,0,0,0,0,0,0,0,0,0,0,0,0,Less than Annual
Kepa ry,kepa,0,0,0,0,0,0,0,0,0,0,0,0,Less than Annual
Kesho Kenya,kesho_kenya,0,0,0,0,0,0,0,0,0,0,0,0,Less than Annual
King's College London,kingscollegelondon,0,0,0,0,0,0,0,0,0,0,0,0,Less than Annual
Kisumu Medical and Education Trust,kmet,0,0,0,0,0,0,0,0,0,0,0,0,Less than Annual
Koninklijk Nederlands Meteorologisch Instituut,knmi,0,0,0,0,0,0,0,0,0,0,0,0,Less than Annual
KwaAfrica,kwaafrica,0,0,0,0,0,0,0,0,0,0,0,0,Less than Annual
Kwame Nkrumah University of Science and Technology,knust,0,0,0,0,0,0,0,0,0,0,0,0,Less than Annual
LAMB Health Care Foundation,lhcf,0,0,0,0,0,0,0,0,0,0,0,0,Less than Annual
LEAD International,lead_international,0,0,0,0,0,0,0,0,0,0,0,0,Less than Annual
Landell Mills,landell-mills,0,0,0,0,0,0,0,0,0,0,0,0,Less than Annual
Larive International,larive,0,0,0,0,0,0,0,0,0,0,0,0,Less than Annual
Le Monde selon les femmes asbl,mondefemmes,0,0,0,0,0,0,0,0,0,0,0,0,Less than Annual
Leaders of Tomorrow,sqf,0,0,0,0,0,0,0,0,0,0,0,0,Less than Annual
Learning for Life,learningforlife,0,0,0,0,0,0,0,0,0,0,0,0,Less than Annual
Lepra,lepra,0,0,0,0,0,0,0,0,0,0,0,0,Less than Annual
Light For The World Belgium,lftw-be,0,0,0,0,0,0,0,0,0,0,0,0,Less than Annual
Link Community Development Scotland,lcds,0,0,0,0,0,0,0,0,0,0,0,0,Less than Annual
"Lithuania, Ministry of Foreign Affairs",lithuania_mfa,0,0,0,0,0,0,0,0,0,0,0,0,Less than Annual
Lively Minds,livelyminds,0,0,0,0,0,0,0,0,0,0,0,0,Less than Annual
Liverpool School of Tropical Medicine,lstm,0,0,0,0,0,0,0,0,0,0,0,0,Less than Annual
Living Earth Foundation,livingearth12,0,0,0,0,0,0,0,0,0,0,0,0,Less than Annual
Local Development and Small Projects Support,ldsps,0,0,0,0,0,0,0,0,0,0,0,0,Less than Annual
Louvain Coopération,lc,0,0,0,0,0,0,0,0,0,0,0,0,Less than Annual
MADE in Europe,mie-1134415,0,0,0,0,0,0,0,0,0,0,0,0,Less than Annual
MAMTA - Health Institute for Mother and Child,mamta_himc,0,0,0,0,0,0,0,0,0,0,0,0,Less than Annual
MDF Global,mdf,0,0,0,0,0,0,0,0,0,0,0,0,Less than Annual
MICAIA,mic-uk,0,0,0,0,0,0,0,0,0,0,0,0,Less than Annual
Magariro,magariro,0,0,0,0,0,0,0,0,0,0,0,0,Less than Annual
Makerere University School of Public Health,maksph,0,0,0,0,0,0,0,0,0,0,0,0,Less than Annual
Manx Times,manxtimes,0,0,0,0,0,0,0,0,0,0,0,0,Less than Annual
MapAction,mapaction,0,0,0,0,0,0,0,0,0,0,0,0,Less than Annual
Mastercard Foundation,mastercard-foundation,0,0,0,0,0,0,0,0,0,0,0,0,Less than Annual
Maxwell Stamp PLC,mstamp,0,0,0,0,0,0,0,0,0,0,0,0,Less than Annual
McKinsey & Company,mck,0,0,0,0,0,0,0,0,0,0,0,0,Less than Annual
Medecins du Monde Belgique - Dokters van de Wereld Belgïe,medecins,0,0,0,0,0,0,0,0,0,0,0,0,Less than Annual
Medecins du Monde France,mdm-fr,0,0,0,0,0,0,0,0,0,0,0,0,Less than Annual
"Medical Research Centre (MRC), Sierra Leone",mrc-sierra-leone,0,0,0,0,0,0,0,0,0,0,0,0,Less than Annual
Memisa,memisa,0,0,0,0,0,0,0,0,0,0,0,0,Less than Annual
Meningitis Research Foundation,mrf,0,0,0,0,0,0,0,0,0,0,0,0,Less than Annual
Mensen met een Missie,mm1,0,0,0,0,0,0,0,0,0,0,0,0,Less than Annual
Mercy Corps Global,mcg,0,0,0,0,0,0,0,0,0,0,0,0,Less than Annual
Mercy Corps Netherlands,mcn,0,0,0,0,0,0,0,0,0,0,0,0,Less than Annual
Micro Insurance Academy,mia_india,0,0,0,0,0,0,0,0,0,0,0,0,Less than Annual
MicroLoan Foundation,mlf,0,0,0,0,0,0,0,0,0,0,0,0,Less than Annual
Miel Maya Honing asbl,mmha,0,0,0,0,0,0,0,0,0,0,0,0,Less than Annual
Mifumi UK,mifumi_uk,0,0,0,0,0,0,0,0,0,0,0,0,Less than Annual
Millennium Challenge Corporation,millenniumchallenge,0,0,0,0,0,0,0,0,0,0,0,0,Less than Annual
Ministry of Foreign Affairs - United Arab Emirates (UAE),mofaic_uae,0,0,0,0,0,0,0,0,0,0,0,0,Less than Annual
Ministry of Foreign Affairs of  Japan,mofa-jpn,0,0,0,0,0,0,0,0,0,0,0,0,Less than Annual
Ministry of Foreign and European Affairs of the Slovak Republic,slovakaid,0,0,0,0,0,0,0,0,0,0,0,0,Less than Annual
Ministry of Planning and International Cooperation,yem_mopic,0,0,0,0,0,0,0,0,0,0,0,0,Less than Annual
Ministère de l'Economie et des Finances du Bénin,mefbenin,0,0,0,0,0,0,0,0,0,0,0,0,Less than Annual
Minority Rights Group,mrg,0,0,0,0,0,0,0,0,0,0,0,0,Less than Annual
Mondiaal FNV,mondiaalfnv,0,0,0,0,0,0,0,0,0,0,0,0,Less than Annual
Mukisa Foundation,mukisa_foundation,0,0,0,0,0,0,0,0,0,0,0,0,Less than Annual
Muslim Aid,muslimaid,0,0,0,0,0,0,0,0,0,0,0,0,Less than Annual
Mwatana for Human Rights,mwatana,0,0,0,0,0,0,0,0,0,0,0,0,Less than Annual
Mzumbe University,m_u,0,0,0,0,0,0,0,0,0,0,0,0,Less than Annual
Médecins Sans Vacances,msv,0,0,0,0,0,0,0,0,0,0,0,0,Less than Annual
NGO Federation of Nepal,nfn,0,0,0,0,0,0,0,0,0,0,0,0,Less than Annual
"Namati, Inc",namati_inc,0,0,0,0,0,0,0,0,0,0,0,0,Less than Annual
National Coalition of Human Rights Defenders - Kenya,nchrdk,0,0,0,0,0,0,0,0,0,0,0,0,Less than Annual
Natural Resource Governance Institute (NRGI),nrgi,0,0,0,0,0,0,0,0,0,0,0,0,Less than Annual
"Natural Resources Institute, University of Greenwich.",nri,0,0,0,0,0,0,0,0,0,0,0,0,Less than Annual
Near East Foundation (NEF USA),nef_usa,0,0,0,0,0,0,0,0,0,0,0,0,Less than Annual
Near East Foundation Mali (NEF Mali),nef_mali,0,0,0,0,0,0,0,0,0,0,0,0,Less than Annual
Near East Foundation UK (NEF UK),nef-uk,0,0,0,0,0,0,0,0,0,0,0,0,Less than Annual
Neem Foundation,neem,0,0,0,0,0,0,0,0,0,0,0,0,Less than Annual
Nepal Netra Jyoti Sangh,nnjs_nepal,0,0,0,0,0,0,0,0,0,0,0,0,Less than Annual
Netherlands Leprosy Relief,nlr,0,0,0,0,0,0,0,0,0,0,0,0,Less than Annual
Netherlands Organisation for Scientific Research (NWO),nwo,0,0,0,0,0,0,0,0,0,0,0,0,Less than Annual
Netherlands Space Office,nso,0,0,0,0,0,0,0,0,0,0,0,0,Less than Annual
Network For Enterprise Enhancement and Development Support,needs,0,0,0,0,0,0,0,0,0,0,0,0,Less than Annual
Network for Africa,network4africa,0,0,0,0,0,0,0,0,0,0,0,0,Less than Annual
New Zealand - Ministry of Foreign Affairs and Trade - New Zealand Aid Programme,mfat,0,0,0,0,0,0,0,0,0,0,0,0,Less than Annual
Ngo-federatie (Vlaamse federatie van ngo's voor ontwikkelingssamenwerking),ngo-federatie,0,0,0,0,0,0,0,0,0,0,0,0,Less than Annual
Niger Delta Stakeholders Initiative for Community Development and Empowerment,ndsicde,0,0,0,0,0,0,0,0,0,0,0,0,Less than Annual
Nonviolent Peaceforce South Sudan,npss,0,0,0,0,0,0,0,0,0,0,0,0,Less than Annual
Norad - Norwegian Agency for Development Cooperation,norad,0,0,0,0,0,0,0,0,0,0,0,0,Less than Annual
Northern Rangelands Trust,nrt-kenya,0,0,0,0,0,0,0,0,0,0,0,0,Less than Annual
Norwegian People's Aid,npa,0,0,0,0,0,0,0,0,0,0,0,0,Less than Annual
"NpM, Platform for Inclusive Finance",npm,0,0,0,0,0,0,0,0,0,0,0,0,Less than Annual
Nuffic,nuffic20171017,0,0,0,0,0,0,0,0,0,0,0,0,Less than Annual
Nutrition International,nutritionintl,0,0,0,0,0,0,0,0,0,0,0,0,Less than Annual
ONG ALCRER,alcrer-1,0,0,0,0,0,0,0,0,0,0,0,0,Less than Annual
ONG VDRPEFANB,ongvdrpefanb,0,0,0,0,0,0,0,0,0,0,0,0,Less than Annual
Okapi Consulting,okapiconsulting,0,0,0,0,0,0,0,0,0,0,0,0,Less than Annual
Omidyar Network Fund Inc.,omidyarnetwork,0,0,0,0,0,0,0,0,0,0,0,0,Less than Annual
One Acre Fund,oneacrefund,0,0,0,0,0,0,0,0,0,0,0,0,Less than Annual
One Young World,oyw,0,0,0,0,0,0,0,0,0,0,0,0,Less than Annual
One to One Children's Fund,onetoonecf,0,0,0,0,0,0,0,0,0,0,0,0,Less than Annual
OpenNorth,opennorth,0,0,0,0,0,0,0,0,0,0,0,0,Less than Annual
Opportunity International Savings and Loans Ltd,oisl_gh,0,0,0,0,0,0,0,0,0,0,0,0,Less than Annual
Oxfam Australia,oau,0,0,0,0,0,0,0,0,0,0,0,0,Less than Annual
Oxfam GB,oxfamgb,0,0,0,0,0,0,0,0,0,0,0,0,Less than Annual
Oxfam India,oxfamindia,0,0,0,0,0,0,0,0,0,0,0,0,Less than Annual
Oxfam Intermón,oxfamintermon,0,0,0,0,0,0,0,0,0,0,0,0,Less than Annual
Oxfam Wereldwinkels,oww,0,0,0,0,0,0,0,0,0,0,0,0,Less than Annual
Oxfam-Magasins du monde (omdm),omdm,0,0,0,0,0,0,0,0,0,0,0,0,Less than Annual
Oxford Policy Management,opml,0,0,0,0,0,0,0,0,0,0,0,0,Less than Annual
PEAS (Promoting Equality in African Schools),peas,0,0,0,0,0,0,0,0,0,0,0,0,Less than Annual
PHASE Nepal,phase-nepal,0,0,0,0,0,0,0,0,0,0,0,0,Less than Annual
PHASE Worldwide,phase_worldwide,0,0,0,0,0,0,0,0,0,0,0,0,Less than Annual
PONT,pont,0,0,0,0,0,0,0,0,0,0,0,0,Less than Annual
PRI Association,pri_icf,0,0,0,0,0,0,0,0,0,0,0,0,Less than Annual
PUM Netherlands,pumnl,0,0,0,0,0,0,0,0,0,0,0,0,Less than Annual
Pact,pact,0,0,0,0,0,0,0,0,0,0,0,0,Less than Annual
Palladium Europe,palladium_eur,0,0,0,0,0,0,0,0,0,0,0,0,Less than Annual
Panos Institute West Africa (PIWA),ipao,0,0,0,0,0,0,0,0,0,0,0,0,Less than Annual
Partnership for African Social & Governance Research (PASGR),pasgr,0,0,0,0,0,0,0,0,0,0,0,0,Less than Annual
Pastoralist Girls Initiative,pgi_kenya,0,0,0,0,0,0,0,0,0,0,0,0,Less than Annual
Peace Direct,peacedirect,0,0,0,0,0,0,0,0,0,0,0,0,Less than Annual
Penal Reform International,pri,0,0,0,0,0,0,0,0,0,0,0,0,Less than Annual
People In Aid,peopleinaid,0,0,0,0,0,0,0,0,0,0,0,0,Less than Annual
Plan International Finland,planinternationalfinland,0,0,0,0,0,0,0,0,0,0,0,0,Less than Annual
Plan International USA,plan_usa,0,0,0,0,0,0,0,0,0,0,0,0,Less than Annual
Plan Ireland Charitable Assistance Limited,plan_ireland,0,0,0,0,0,0,0,0,0,0,0,0,Less than Annual
PlanBørnefonden,plb,0,0,0,0,0,0,0,0,0,0,0,0,Less than Annual
Pontis Foundation,pontis,0,0,0,0,0,0,0,0,0,0,0,0,Less than Annual
Population Media Center,pmc,0,0,0,0,0,0,0,0,0,0,0,0,Less than Annual
Population Services Kenya,pskenya_19,0,0,0,0,0,0,0,0,0,0,0,0,Less than Annual
Population Services and Training Centre (PSTC),pstc_1102,0,0,0,0,0,0,0,0,0,0,0,0,Less than Annual
PositiveNegatives,posneg,0,0,0,0,0,0,0,0,0,0,0,0,Less than Annual
Power International,power,0,0,0,0,0,0,0,0,0,0,0,0,Less than Annual
Pragya India,pragya,0,0,0,0,0,0,0,0,0,0,0,0,Less than Annual
Prince Claus Fund,pcf,0,0,0,0,0,0,0,0,0,0,0,0,Less than Annual
Private Infrastructure Development Group,pidg,0,0,0,0,0,0,0,0,0,0,0,0,Less than Annual
Progressio,progressio,0,0,0,0,0,0,0,0,0,0,0,0,Less than Annual
Project Harar,phe,0,0,0,0,0,0,0,0,0,0,0,0,Less than Annual
Promundo-US,pmo-us,0,0,0,0,0,0,0,0,0,0,0,0,Less than Annual
Protecting Families Against HIV/AIDS,prefa_1,0,0,0,0,0,0,0,0,0,0,0,0,Less than Annual
Publish What You Fund,pwyf,0,0,0,0,0,0,0,0,0,0,0,0,Less than Annual
Pump Aid,pumpaid,0,0,0,0,0,0,0,0,0,0,0,0,Less than Annual
Quinoa,quinoa,0,0,0,0,0,0,0,0,0,0,0,0,Less than Annual
RAIN Foundation (former),rainfoundation,0,0,0,0,0,0,0,0,0,0,0,0,Less than Annual
RCN Justice & Démocratie,rcn,0,0,0,0,0,0,0,0,0,0,0,0,Less than Annual
RNW Media,rnw_org,0,0,0,0,0,0,0,0,0,0,0,0,Less than Annual
RUAF Foundation,ruaf,0,0,0,0,0,0,0,0,0,0,0,0,Less than Annual
Rahnuma-Family Planning Assocation of Pakistan,rfpap,0,0,0,0,0,0,0,0,0,0,0,0,Less than Annual
Railway Children Africa,rc2africa,0,0,0,0,0,0,0,0,0,0,0,0,Less than Annual
Rainforest Alliance,rainforest-alliance,0,0,0,0,0,0,0,0,0,0,0,0,Less than Annual
Rainforest Foundation UK,rfuk,0,0,0,0,0,0,0,0,0,0,0,0,Less than Annual
Reach A Hand Uganda,rahuug,0,0,0,0,0,0,0,0,0,0,0,0,Less than Annual
"Rehabilitation, Education and Community Health (REACH)",reach-iraq,0,0,0,0,0,0,0,0,0,0,0,0,Less than Annual
Relief International - Somalia,ri_kenya,0,0,0,0,0,0,0,0,0,0,0,0,Less than Annual
Relief International UK,ri-uk,0,0,0,0,0,0,0,0,0,0,0,0,Less than Annual
Rene Moawad Foundation,rmf-lb,0,0,0,0,0,0,0,0,0,0,0,0,Less than Annual
Resilience,resilience,0,0,0,0,0,0,0,0,0,0,0,0,Less than Annual
Resource Extraction Monitoring,rem,0,0,0,0,0,0,0,0,0,0,0,0,Less than Annual
Responsible Mining Foundation,rmf,0,0,0,0,0,0,0,0,0,0,0,0,Less than Annual
Restless Development,restless,0,0,0,0,0,0,0,0,0,0,0,0,Less than Annual
Results for Development,r4d,0,0,0,0,0,0,0,0,0,0,0,0,Less than Annual
Retrak,retrak,0,0,0,0,0,0,0,0,0,0,0,0,Less than Annual
Right to Play Netherlands Foundation,rtp,0,0,0,0,0,0,0,0,0,0,0,0,Less than Annual
Rikolto in Belgium,rikolto_belgium,0,0,0,0,0,0,0,0,0,0,0,0,Less than Annual
Rojiroti UK,rojiroti,0,0,0,0,0,0,0,0,0,0,0,0,Less than Annual
Romania Ministry of Foreign Affairs,uasd,0,0,0,0,0,0,0,0,0,0,0,0,Less than Annual
Rotary Clubs For Development,rc4d,0,0,0,0,0,0,0,0,0,0,0,0,Less than Annual
Royal College of General Practitioners (RCGP),rcgp-international,0,0,0,0,0,0,0,0,0,0,0,0,Less than Annual
Royal College of Obstetricians & Gynaecologists,rcog_resilience_in_obstetric_skills,0,0,0,0,0,0,0,0,0,0,0,0,Less than Annual
Royal Commonwealth Ex-Sevices League,rcel,0,0,0,0,0,0,0,0,0,0,0,0,Less than Annual
Royal National Lifeboat Institution (RNLI),rnli_international,0,0,0,0,0,0,0,0,0,0,0,0,Less than Annual
Royal Netherlands Football Association,knvb,0,0,0,0,0,0,0,0,0,0,0,0,Less than Annual
Royal Society for the Protection of Birds,rspb_,0,0,0,0,0,0,0,0,0,0,0,0,Less than Annual
SCI Projets Internationaux ASBL_Service Civil International branche belge,scibelgium,0,0,0,0,0,0,0,0,0,0,0,0,Less than Annual
SECOURS CATHOLIQUE - CARITAS FRANCE,sccf,0,0,0,0,0,0,0,0,0,0,0,0,Less than Annual
SOS Children's Villages Kenya,soscvkenya,0,0,0,0,0,0,0,0,0,0,0,0,Less than Annual
SOS FAIM - SOS HUNGER,sosfaim,0,0,0,0,0,0,0,0,0,0,0,0,Less than Annual
SOS Sahel International UK,sossaheluk,0,0,0,0,0,0,0,0,0,0,0,0,Less than Annual
STC International,stc-international,0,0,0,0,0,0,0,0,0,0,0,0,Less than Annual
Sabah Integrity Alliance Association (SINAR),sinar,0,0,0,0,0,0,0,0,0,0,0,0,Less than Annual
Sabre Education Limited,sct,0,0,0,0,0,0,0,0,0,0,0,0,Less than Annual
Samaritan's Purse UK,spuk,0,0,0,0,0,0,0,0,0,0,0,0,Less than Annual
Savana Signatures,savsign-org,0,0,0,0,0,0,0,0,0,0,0,0,Less than Annual
Scotland's International Development Alliance,sinda,0,0,0,0,0,0,0,0,0,0,0,0,Less than Annual
Seefar,seefar,0,0,0,0,0,0,0,0,0,0,0,0,Less than Annual
Sehat Kahani (Community Innovation Hub),sehatkahanicih,0,0,0,0,0,0,0,0,0,0,0,0,Less than Annual
Self Help Africa,self-help-africa,0,0,0,0,0,0,0,0,0,0,0,0,Less than Annual
Send a Cow Uganda,sacu,0,0,0,0,0,0,0,0,0,0,0,0,Less than Annual
Sensorial Handicap Cooperation,shc,0,0,0,0,0,0,0,0,0,0,0,0,Less than Annual
ShelterBox,shelterbox,0,0,0,0,0,0,0,0,0,0,0,0,Less than Annual
Shift Project Ltd.,shiftproject,0,0,0,0,0,0,0,0,0,0,0,0,Less than Annual
Shtrii Shakti,shtrii_shakti,0,0,0,0,0,0,0,0,0,0,0,0,Less than Annual
Signal,signal,0,0,0,0,0,0,0,0,0,0,0,0,Less than Annual
Silsab Foundation,silsab1-_,0,0,0,0,0,0,0,0,0,0,0,0,Less than Annual
Simprints,simprints,0,0,0,0,0,0,0,0,0,0,0,0,Less than Annual
Siren Associates,siren,0,0,0,0,0,0,0,0,0,0,0,0,Less than Annual
Small Arms Survey,sas_sana,0,0,0,0,0,0,0,0,0,0,0,0,Less than Annual
Social Development Direct Limited,sddirect,0,0,0,0,0,0,0,0,0,0,0,0,Less than Annual
"Social Fund for Development, Yemen",sfd-yemen,0,0,0,0,0,0,0,0,0,0,0,0,Less than Annual
Social Impact Lab CIC,simlab,0,0,0,0,0,0,0,0,0,0,0,0,Less than Annual
Social Watch Benin,swb_1,0,0,0,0,0,0,0,0,0,0,0,0,Less than Annual
Société Nationale des eaux du Bénin (SONEB),soneb-benin,0,0,0,0,0,0,0,0,0,0,0,0,Less than Annual
SolarNow Services (U) Ltd,solarnowsofa,0,0,0,0,0,0,0,0,0,0,0,0,Less than Annual
Solidagro,solidagro_admin,0,0,0,0,0,0,0,0,0,0,0,0,Less than Annual
South Asian Women Development Forum,sawdf-admin,0,0,0,0,0,0,0,0,0,0,0,0,Less than Annual
SouthSouthNorth,ssn,0,0,0,0,0,0,0,0,0,0,0,0,Less than Annual
Southern African Catholic Bishops' Conference Aids Office,sacbc,0,0,0,0,0,0,0,0,0,0,0,0,Less than Annual
Spain - Ministry of Foreign Affairs and Cooperation,maec,0,0,0,0,0,0,0,0,0,0,0,0,Less than Annual
Spanish Agency for International Development Cooperation (AECID),aecid,0,0,0,0,0,0,0,0,0,0,0,0,Less than Annual
Special Hope Network,shn,0,0,0,0,0,0,0,0,0,0,0,0,Less than Annual
Stakeholder Democracy Network,sdn,0,0,0,0,0,0,0,0,0,0,0,0,Less than Annual
Stars Foundation,starsfoundation,0,0,0,0,0,0,0,0,0,0,0,0,Less than Annual
Stichting ActionAId,aanl,0,0,0,0,0,0,0,0,0,0,0,0,Less than Annual
Stichting Aflatoun International,aflatoun,0,0,0,0,0,0,0,0,0,0,0,0,Less than Annual
Stichting Agriterra,agriterra,0,0,0,0,0,0,0,0,0,0,0,0,Less than Annual
Stichting Aidenvironment,aidenvironment,0,0,0,0,0,0,0,0,0,0,0,0,Less than Annual
Stichting Beheer Subsidiegelden DRA,stichting-subsidiegelden-dra,0,0,0,0,0,0,0,0,0,0,0,0,Less than Annual
Stichting Health Action International,hai,0,0,0,0,0,0,0,0,0,0,0,0,Less than Annual
Stichting Humana,humana_houben,0,0,0,0,0,0,0,0,0,0,0,0,Less than Annual
Stichting Kinderpostzegels Nederland,skn,0,0,0,0,0,0,0,0,0,0,0,0,Less than Annual
Stichting Liliane Fonds,slf,0,0,0,0,0,0,0,0,0,0,0,0,Less than Annual
Stichting Mayday Rescue Foundation,maydayrescue,0,0,0,0,0,0,0,0,0,0,0,0,Less than Annual
Stichting Onderzoek Multinationale Ondernemingen (SOMO),somo,0,0,0,0,0,0,0,0,0,0,0,0,Less than Annual
Stichting Tosangana,tos-nl,0,0,0,0,0,0,0,0,0,0,0,0,Less than Annual
Stichting VU Amsterdam - Amsterdam Centre for World Food Studies,acwfs_vu,0,0,0,0,0,0,0,0,0,0,0,0,Less than Annual
Stichting fondsbeheer DGGF lokaal MKB,dggf_financing_local_smes,0,0,0,0,0,0,0,0,0,0,0,0,Less than Annual
Stockholm International Water Institute,siwi,0,0,0,0,0,0,0,0,0,0,0,0,Less than Annual
StreetInvest,si,0,0,0,0,0,0,0,0,0,0,0,0,Less than Annual
Stromme Foundation,stromme_ug,0,0,0,0,0,0,0,0,0,0,0,0,Less than Annual
Support Trust for Africa Development (STAD),stad,0,0,0,0,0,0,0,0,0,0,0,0,Less than Annual
Survivors Fund (SURF),surf,0,0,0,0,0,0,0,0,0,0,0,0,Less than Annual
Sympany+,simone_sympany,0,0,0,0,0,0,0,0,0,0,0,0,Less than Annual
Syria Relief,sr,0,0,0,0,0,0,0,0,0,0,0,0,Less than Annual
TB Alert,tbalert,0,0,0,0,0,0,0,0,0,0,0,0,Less than Annual
TREE AID,treea,0,0,0,0,0,0,0,0,0,0,0,0,Less than Annual
Tameer-e-Khalaq Foundation,tkf1234,0,0,0,0,0,0,0,0,0,0,0,0,Less than Annual
Target TB,targettb,0,0,0,0,0,0,0,0,0,0,0,0,Less than Annual
Teach A Man To Fish,tamtf,0,0,0,0,0,0,0,0,0,0,0,0,Less than Annual
Tearfund,tearfund,0,0,0,0,0,0,0,0,0,0,0,0,Less than Annual
Tearfund VZW (TFBE),tfb_admin1,0,0,0,0,0,0,0,0,0,0,0,0,Less than Annual
TechnoServe,tns,0,0,0,0,0,0,0,0,0,0,0,0,Less than Annual
Terre des hommes- Aide à l'enfance dans le monde- Fondation,tdh_foundation,0,0,0,0,0,0,0,0,0,0,0,0,Less than Annual
The Asia Foundation,taf,0,0,0,0,0,0,0,0,0,0,0,0,Less than Annual
The Carter Center,carter-center,0,0,0,0,0,0,0,0,0,0,0,0,Less than Annual
The Coca-Cola Export Corporation,tccec,0,0,0,0,0,0,0,0,0,0,0,0,Less than Annual
The Convention on Business Integrity,cbi-nigeria,0,0,0,0,0,0,0,0,0,0,0,0,Less than Annual
The Foundation Center,foundation_center,0,0,0,0,0,0,0,0,0,0,0,0,Less than Annual
The Freedom Fund,thefreedomfund,0,0,0,0,0,0,0,0,0,0,0,0,Less than Annual
The Global Alliance for Improved Nutrition,gain,0,0,0,0,0,0,0,0,0,0,0,0,Less than Annual
The Global Forum on MSM & HIV (MSMGF),msmgf,0,0,0,0,0,0,0,0,0,0,0,0,Less than Annual
The HALO Trust,halo,0,0,0,0,0,0,0,0,0,0,0,0,Less than Annual
The Hunger Project Netherlands,thp_org,0,0,0,0,0,0,0,0,0,0,0,0,Less than Annual
The International Children's Trust,theict,0,0,0,0,0,0,0,0,0,0,0,0,Less than Annual
The Legal Aid Forum,laf,0,0,0,0,0,0,0,0,0,0,0,0,Less than Annual
The Leprosy Mission England and Wales,tlmew,0,0,0,0,0,0,0,0,0,0,0,0,Less than Annual
The Mailman School of Public Health,mailman_school_of_public_health,0,0,0,0,0,0,0,0,0,0,0,0,Less than Annual
The National Association of Municipalities of Benin (ANCB),ancb_benin,0,0,0,0,0,0,0,0,0,0,0,0,Less than Annual
"The Population Council, Inc.",populationcouncil,0,0,0,0,0,0,0,0,0,0,0,0,Less than Annual
The Princess Alia Foundation,paf_2018,0,0,0,0,0,0,0,0,0,0,0,0,Less than Annual
The Queen Elizabeth Diamond Jubilee Trust,qedjt,0,0,0,0,0,0,0,0,0,0,0,0,Less than Annual
The Salvation Army International Development UK,said-uk,0,0,0,0,0,0,0,0,0,0,0,0,Less than Annual
The United Nations Relief and Works Agency for Palestine Refugees in the Near East (UNRWA),unrwa,0,0,0,0,0,0,0,0,0,0,0,0,Less than Annual
The University of Manchester,uom,0,0,0,0,0,0,0,0,0,0,0,0,Less than Annual
The University of Oxford,oxford,0,0,0,0,0,0,0,0,0,0,0,0,Less than Annual
Theatre for a Change Malawi,tfacmalawi,0,0,0,0,0,0,0,0,0,0,0,0,Less than Annual
Theatre for a Change UK,tfac,0,0,0,0,0,0,0,0,0,0,0,0,Less than Annual
Timidria,timidria,0,0,0,0,0,0,0,0,0,0,0,0,Less than Annual
TradeMark East Africa,tmea,0,0,0,0,0,0,0,0,0,0,0,0,Less than Annual
Transparency International Kenya,ti_kenya,0,0,0,0,0,0,0,0,0,0,0,0,Less than Annual
Transparency International Secretariat,transparency-international,0,0,0,0,0,0,0,0,0,0,0,0,Less than Annual
Transparency International UK,ti-uk,0,0,0,0,0,0,0,0,0,0,0,0,Less than Annual
Triangle Génération Humanitaire,tgh,0,0,0,0,0,0,0,0,0,0,0,0,Less than Annual
Trianglen,trianglen,0,0,0,0,0,0,0,0,0,0,0,0,Less than Annual
Triple Line,tripleline_crownagents,0,0,0,0,0,0,0,0,0,0,0,0,Less than Annual
Tropenbos International,tbi,0,0,0,0,0,0,0,0,0,0,0,0,Less than Annual
Tropical Health and Education Trust,tropicalhealth,0,0,0,0,0,0,0,0,0,0,0,0,Less than Annual
Trust for Africa's Orphans,tao-03473165,0,0,0,0,0,0,0,0,0,0,0,0,Less than Annual
Trust for Indigenous Culture and Health,ticah,0,0,0,0,0,0,0,0,0,0,0,0,Less than Annual
Twaweza,twaweza,0,0,0,0,0,0,0,0,0,0,0,0,Less than Annual
Twin,twin-iati,0,0,0,0,0,0,0,0,0,0,0,0,Less than Annual
UHAI EASHRI,uhai-eashri,0,0,0,0,0,0,0,0,0,0,0,0,Less than Annual
UK - Department for Work and Pensions,dwp,0,0,0,0,0,0,0,0,0,0,0,0,Less than Annual
UK - Home Office,homeoffice,0,0,0,0,0,0,0,0,0,0,0,0,Less than Annual
UK - Medical Research Council,mrc,0,0,0,0,0,0,0,0,0,0,0,0,Less than Annual
UK - Scottish Government,scottish_government,0,0,0,0,0,0,0,0,0,0,0,0,Less than Annual
UK - Welsh Government's Wales for Africa Programme,wfa,0,0,0,0,0,0,0,0,0,0,0,0,Less than Annual
UK – Department for Education,dfe,0,0,0,0,0,0,0,0,0,0,0,0,Less than Annual
ULB-Coopération,ulbcoop,0,0,0,0,0,0,0,0,0,0,0,0,Less than Annual
UN Global Compact Local Network UK,ungc-uk,0,0,0,0,0,0,0,0,0,0,0,0,Less than Annual
UN Pooled Funds,unpf,0,0,0,0,0,0,0,0,0,0,0,0,Less than Annual
Unie van Waterschappen,uvw,0,0,0,0,0,0,0,0,0,0,0,0,Less than Annual
Union des Villes et Communes de Wallonie (UVCW),uvcw,0,0,0,0,0,0,0,0,0,0,0,0,Less than Annual
United Disabled Persons of Kenya,udpk,0,0,0,0,0,0,0,0,0,0,0,0,Less than Annual
United Mission to Nepal,umn,0,0,0,0,0,0,0,0,0,0,0,0,Less than Annual
United Nations Capital Development Fund,uncdf,0,0,0,0,0,0,0,0,0,0,0,0,Less than Annual
"United Nations Educational, Scientific and Cultural Organization (UNESCO)",unesco,0,0,0,0,0,0,0,0,0,0,0,0,Less than Annual
United Nations Environment Programme (UNEP),un-environment,0,0,0,0,0,0,0,0,0,0,0,0,Less than Annual
United Nations OCHA Financial Tracking Service (UN OCHA FTS),ocha_fts,0,0,0,0,0,0,0,0,0,0,0,0,Less than Annual
United Nations Office for the Coordination of Humanitarian Affairs (Specially-Designated Contributions),unocha-sdc,0,0,0,0,0,0,0,0,0,0,0,0,Less than Annual
United Purpose,cu,0,0,0,0,0,0,0,0,0,0,0,0,Less than Annual
United Work,united_work,0,0,0,0,0,0,0,0,0,0,0,0,Less than Annual
Universitair Centrum voor Ontwikkelingssamenwerking,ucos,0,0,0,0,0,0,0,0,0,0,0,0,Less than Annual
University College London,ucl,0,0,0,0,0,0,0,0,0,0,0,0,Less than Annual
University Of Zimbabwe,1-uz,0,0,0,0,0,0,0,0,0,0,0,0,Less than Annual
University Twente,utwente,0,0,0,0,0,0,0,0,0,0,0,0,Less than Annual
University of Amsterdam,uva_org,0,0,0,0,0,0,0,0,0,0,0,0,Less than Annual
University of Birmingham (Governance and Social Development Resource Centre),universityofbirmingham_gsdrc,0,0,0,0,0,0,0,0,0,0,0,0,Less than Annual
University of Dundee,uodcepmlp,0,0,0,0,0,0,0,0,0,0,0,0,Less than Annual
University of Kinshasa,dspd_unikin,0,0,0,0,0,0,0,0,0,0,0,0,Less than Annual
University of Leeds,leedsuni,0,0,0,0,0,0,0,0,0,0,0,0,Less than Annual
Urgent Action Fund Latin America and the Caribbean,uafla,0,0,0,0,0,0,0,0,0,0,0,0,Less than Annual
Urgent Action Fund for Women's Human Rights,uaf,0,0,0,0,0,0,0,0,0,0,0,0,Less than Annual
Urgent Action Fund-Africa,uaf-africa,0,0,0,0,0,0,0,0,0,0,0,0,Less than Annual
VETERINAIRES SANS FRONTIERES / DIERENARTSEN ZONDER GRENZEN - BELGIUM,vsfbelgium,0,0,0,0,0,0,0,0,0,0,0,0,Less than Annual
VIA Don Bosco,via-db,0,0,0,0,0,0,0,0,0,0,0,0,Less than Annual
Varkey Foundation,varkeyfoundation,0,0,0,0,0,0,0,0,0,0,0,0,Less than Annual
Village Enterprise,villageenterprise,0,0,0,0,0,0,0,0,0,0,0,0,Less than Annual
Village Water Ltd,villagewater,0,0,0,0,0,0,0,0,0,0,0,0,Less than Annual
Vision Aid Overseas,vao,0,0,0,0,0,0,0,0,0,0,0,0,Less than Annual
Vision for a Nation Foundation,vfan,0,0,0,0,0,0,0,0,0,0,0,0,Less than Annual
VisionFund International,vfi,0,0,0,0,0,0,0,0,0,0,0,0,Less than Annual
Viva,viva,0,0,0,0,0,0,0,0,0,0,0,0,Less than Annual
Viva Salud,g3w-m3m_admin,0,0,0,0,0,0,0,0,0,0,0,0,Less than Annual
Vlaamse Interuniversitaire Raad voor Universitaire Ontwikkelingssamenwerking (VLIR-UOS),vlir-uos,0,0,0,0,0,0,0,0,0,0,0,0,Less than Annual
Voluntary Health Association of India,vhai-org,0,0,0,0,0,0,0,0,0,0,0,0,Less than Annual
WASH Alliance International,wai,0,0,0,0,0,0,0,0,0,0,0,0,Less than Annual
WASTE advisers on urban environment and development,waste,0,0,0,0,0,0,0,0,0,0,0,0,Less than Annual
WNF Wereld Natuur Fonds,wnf,0,0,0,0,0,0,0,0,0,0,0,0,Less than Annual
"WO=MEN, Dutch Gender Platform",wo-men,0,0,0,0,0,0,0,0,0,0,0,0,Less than Annual
WWF Sweden,wwf-se,0,0,0,0,0,0,0,0,0,0,0,0,Less than Annual
WWF-UK,wwf-uk,0,0,0,0,0,0,0,0,0,0,0,0,Less than Annual
Wageningen University & Research - Stichting Wageningen Research,wageningen_ur,0,0,0,0,0,0,0,0,0,0,0,0,Less than Annual
War Child Canada,wcc,0,0,0,0,0,0,0,0,0,0,0,0,Less than Annual
War on Want,waronwant,0,0,0,0,0,0,0,0,0,0,0,0,Less than Annual
War on Want NI,wowni,0,0,0,0,0,0,0,0,0,0,0,0,Less than Annual
Water & Sanitation for the Urban Poor (WSUP),wsup,0,0,0,0,0,0,0,0,0,0,0,0,Less than Annual
Water Integrity Network Association,win,0,0,0,0,0,0,0,0,0,0,0,0,Less than Annual
Water Witness International,water-witness-international,0,0,0,0,0,0,0,0,0,0,0,0,Less than Annual
Water Works,waterworks,0,0,0,0,0,0,0,0,0,0,0,0,Less than Annual
Water for People,w4p,0,0,0,0,0,0,0,0,0,0,0,0,Less than Annual
WaterAid,wateraid,0,0,0,0,0,0,0,0,0,0,0,0,Less than Annual
We Effect,weeffect,0,0,0,0,0,0,0,0,0,0,0,0,Less than Annual
We World - GVC Onlus,ww-gvc,0,0,0,0,0,0,0,0,0,0,0,0,Less than Annual
Welbodi Partnership,welbodipartnership,0,0,0,0,0,0,0,0,0,0,0,0,Less than Annual
Welthungerhilfe,whh,0,0,0,0,0,0,0,0,0,0,0,0,Less than Annual
Wemos Foundation,wemos,0,0,0,0,0,0,0,0,0,0,0,0,Less than Annual
Wereldsolidariteit-Solidarité Mondiale (WSM),wsm,0,0,0,0,0,0,0,0,0,0,0,0,Less than Annual
Westminster Foundation for Democracy,wfd,0,0,0,0,0,0,0,0,0,0,0,0,Less than Annual
Wetlands International,wi,0,0,0,0,0,0,0,0,0,0,0,0,Less than Annual
Win Win Strategies,wws,0,0,0,0,0,0,0,0,0,0,0,0,Less than Annual
Windle Trust Kenya,wtk,0,0,0,0,0,0,0,0,0,0,0,0,Less than Annual
Womankind Worldwide,womankindworld,0,0,0,0,0,0,0,0,0,0,0,0,Less than Annual
Women Engage for a Common Future,wecf,0,0,0,0,0,0,0,0,0,0,0,0,Less than Annual
Women Environmental Programme,wep,0,0,0,0,0,0,0,0,0,0,0,0,Less than Annual
Women Peacemakers Program,wpp,0,0,0,0,0,0,0,0,0,0,0,0,Less than Annual
Women and Children First (UK),wcf,0,0,0,0,0,0,0,0,0,0,0,0,Less than Annual
Women's Action Group,wag-1983,0,0,0,0,0,0,0,0,0,0,0,0,Less than Annual
Women's Fund Asia,wf-asia,0,0,0,0,0,0,0,0,0,0,0,0,Less than Annual
Women's Global Network on Reproductive Rights,wgnrr_iati,0,0,0,0,0,0,0,0,0,0,0,0,Less than Annual
Women's Refugee Commission,w_r_c,0,0,0,0,0,0,0,0,0,0,0,0,Less than Annual
World Agroforestry Centre,icraf_,0,0,0,0,0,0,0,0,0,0,0,0,Less than Annual
World Association for Christian Communication (UK),wacc-uk,0,0,0,0,0,0,0,0,0,0,0,0,Less than Annual
World Benchmarking Alliance Foundation,wba,0,0,0,0,0,0,0,0,0,0,0,0,Less than Annual
World Economic Forum,worldeconomicforum,0,0,0,0,0,0,0,0,0,0,0,0,Less than Annual
World Economic Forum Geneva,weforum_geneva,0,0,0,0,0,0,0,0,0,0,0,0,Less than Annual
World Education Inc.,wei,0,0,0,0,0,0,0,0,0,0,0,0,Less than Annual
World Federalist Movement - Institute for Global Policy,wfm-igp,0,0,0,0,0,0,0,0,0,0,0,0,Less than Annual
World Jewish Relief,wjr_001,0,0,0,0,0,0,0,0,0,0,0,0,Less than Annual
World Vision International,wvi,0,0,0,0,0,0,0,0,0,0,0,0,Less than Annual
World Vision Syria,wvsyria,0,0,0,0,0,0,0,0,0,0,0,0,Less than Annual
World Waternet,worldwaternet,0,0,0,0,0,0,0,0,0,0,0,0,Less than Annual
World Wide Fund for Nature - Pakistan,wwfpakistan,0,0,0,0,0,0,0,0,0,0,0,0,Less than Annual
World Wide Fund for Nature Denmark,wwfdk,0,0,0,0,0,0,0,0,0,0,0,0,Less than Annual
YMCA of Liberia,libymca,0,0,0,0,0,0,0,0,0,0,0,0,Less than Annual
Yamaan Foundation for Health and Social Development,yffhsd,0,0,0,0,0,0,0,0,0,0,0,0,Less than Annual
Young Africa International HUB,yai-hub,0,0,0,0,0,0,0,0,0,0,0,0,Less than Annual
Young Innovations Pvt. Ltd,yipl,0,0,0,0,0,0,0,0,0,0,0,0,Less than Annual
Youth Business International,ybi,0,0,0,0,0,0,0,0,0,0,0,0,Less than Annual
Youth Net and Counselling - YONECO,yoneco1997,0,0,0,0,0,0,0,0,0,0,0,0,Less than Annual
Zambia Orphans Aid UK,zoa_uk,0,0,0,0,0,0,0,0,0,0,0,0,Less than Annual
Zimbabwe Educational Trust,zet,0,0,0,0,0,0,0,0,0,0,0,0,Less than Annual
Zimmerman & Zimmerman,zimmzimm,0,0,0,0,0,0,0,0,0,0,0,0,Less than Annual
Zing,zing,0,0,0,0,0,0,0,0,0,0,0,0,Less than Annual
act4africa,act4africa,0,0,0,0,0,0,0,0,0,0,0,0,Less than Annual
dance4life,dance4life,0,0,0,0,0,0,0,0,0,0,0,0,Less than Annual
equileap,equileap,0,0,0,0,0,0,0,0,0,0,0,0,Less than Annual
iDE,ide,0,0,0,0,0,0,0,0,0,0,0,0,Less than Annual
iPartner India,ip-india,0,0,0,0,0,0,0,0,0,0,0,0,Less than Annual
interburns,interburns,0,0,0,0,0,0,0,0,0,0,0,0,Less than Annual
kidasha,kidasha,0,0,0,0,0,0,0,0,0,0,0,0,Less than Annual
living peace institute,lpi,0,0,0,0,0,0,0,0,0,0,0,0,Less than Annual
marysmeals,marysmeals,0,0,0,0,0,0,0,0,0,0,0,0,Less than Annual
mothers2mothers,m2m_sa,0,0,0,0,0,0,0,0,0,0,0,0,Less than Annual
openmindedly,openmindedly,0,0,0,0,0,0,0,0,0,0,0,0,Less than Annual
the center for victimized women and children,cavwoc,0,0,0,0,0,0,0,0,0,0,0,0,Less than Annual
transforma,transforma,0,0,0,0,0,0,0,0,0,0,0,0,Less than Annual
